Atom 1,Atom 2,Atom 3,Atom 4
Sr,Mg,Os,O
La,V,Re,O
Ba,Nd,Ir,O
La,Ti,Ni,O
Pb,Zr,Ti,O
Ba,U,Cd,O
Pb,Tm,Sb,O
Sr,Y,Cr,O
Sr,Gd,Ru,O
Ba,Na,I,O
Sr,Fe,Co,O
Ba,Gd,Mo,O
Ba,Bi,Ir,O
Rb,In,As,Br
Na,Lu,Cu,Cl
Na,K,Sc,F
Rb,Rh,Au,F
Rb,Ir,Au,F
Na,K,Al,F
Na,Al,Au,F
Li,Cu,Sb,F
K,Li,Au,F
K,Y,In,F
Na,Ga,Ag,Cl
K,Tl,Ga,I
K,Rb,Sc,Cl
K,Rb,In,Br
K,Rb,Dy,Cl
K,Na,Y,Br
K,Na,Ta,I
K,Li,Sm,Cl
K,Li,Eu,Cl
Rb,Cu,Pd,F
Na,Eu,Cu,Cl
Na,Cu,Bi,Cl
Na,Ir,Au,F
Na,Lu,Ag,Cl
Na,In,Ag,F
Li,Na,Ir,F
Li,Cu,As,F
Li,Ag,As,F
K,Ta,Tl,F
K,Tl,Ga,Cl
K,Rb,Au,Br
K,Rb,Al,F
K,Na,Tm,Cl
K,Na,Mo,Br
K,Na,Lu,Cl
K,Li,Gd,Cl
K,Ti,Tl,F
K,Na,Tl,Br
K,Na,Ir,F
K,Li,Ru,F
K,Li,As,F
K,Ga,Cu,F
K,Cs,Tl,F
K,Lu,Ag,Cl
K,Sc,Hg,Br
K,Al,Au,Br
Cs,Tl,Sb,Cl
Cs,Rb,Tl,Cl
K,Sc,In,Br
K,Sc,Hg,I
K,Cu,Sb,I
K,Cu,Mo,Br
K,Cu,Bi,Br
K,Cs,As,Cl
K,Cs,Sb,Cl
K,Sm,Au,Cl
K,Ga,Au,Br
K,Y,Ag,I
Cs,Tl,Ga,I
Cs,Rb,Y,Cl
Cs,Rb,Sb,Br
Cs,Rb,Pr,Cl
Cs,Na,Tl,I
Cs,Na,Sb,I
Cs,Na,Pr,Br
Cs,Na,In,I
Cs,Rb,Bi,I
K,Sc,In,F
K,In,Ga,Br
K,Hg,Sb,I
K,In,Hg,Cl
K,Ga,Hg,I
Rb,Y,Cu,I
K,Tl,Au,Cl
K,La,Au,Cl
Rb,Cu,Sb,I
Rb,Nd,Cu,Cl
K,Al,Au,Cl
K,Sc,Ag,F
K,Ag,Ru,F
K,Nd,Ag,F
K,Er,Ag,Cl
Cs,Ta,Tl,F
Cs,Al,Tl,Br
Cs,Rb,Lu,Cl
Cs,Na,Ta,Br
K,In,Bi,F
K,Al,Au,F
Cs,Tl,Pd,F
Cs,Hg,Pd,F
Cs,Sc,Cu,F
Cs,K,Sb,F
Cs,Sm,Cu,Cl
Cs,Na,Ce,I
Cs,Li,Tl,Br
Cs,Li,Ce,I
Cs,Li,Ce,Br
Cs,K,Pr,Br
Cs,K,Ga,I
Cs,In,Bi,Cl
Cs,In,As,I
Cs,Y,Hg,I
Cs,Y,Hg,Cl
Cs,In,Hg,I
Cs,Er,Cu,Cl
Cs,Y,Au,Cl
Cs,Sc,Au,I
Cs,Tb,Ag,Cl
Cs,Hg,Ir,F
Cs,Li,Mo,Cl
Cs,K,Nd,I
Cs,In,Ga,I
Rb,Tl,Au,F
Cs,In,Sb,I
Cs,Tl,Hg,Cl
Cs,Ga,Hg,Cl
Cs,Hg,Bi,F
Cs,Hg,Au,Br
Na,Y,Cu,Cl
Rb,Hg,As,Cl
Cs,Tl,Cu,Cl
Rb,Cs,Ti,F
Cs,Cu,Sb,Br
Cs,Ce,Cu,Cl
Cs,Al,Cu,Cl
Rb,Ga,Au,Br
Cs,Ru,Au,F
Rb,Cs,Er,Cl
Rb,Cs,Bi,F
Cs,Eu,Au,Cl
Rb,Ag,As,Br
Rb,In,Ag,Br
Rb,Ta,Ag,Br
Rb,Tm,Au,Cl
Rb,Sb,Au,Cl
Rb,Hg,Au,F
Cs,Cu,Au,Cl
Cs,Ga,Cu,Cl
Cs,Ce,Ag,F
Cs,Ga,Ag,Br
Cs,Ag,As,Br
Rb,Tm,Ag,Cl
Cs,Ga,Ag,F
Rb,Sm,Ag,Cl
Cs,Ag,Ir,F
Rb,Al,Au,I
Rb,Ag,Pd,F
Rb,Ag,Mo,Cl
Rb,Ag,Mo,Br
Na,Li,Sm,Cl
Rb,Eu,Ag,Cl
Rb,Y,Ag,F
Rb,Hg,Pd,F
Na,Tl,Ga,F
Na,Li,In,Cl
Na,Li,Ce,Cl
Na,K,Ti,F
Cs,Ta,Ag,F
Na,Cu,Pd,F
Rb,Ga,Hg,F
K,Nb,Au,F
Cs,Tl,Cu,Br
Rb,Ta,Hg,F
Rb,Al,In,F
Rb,In,Sb,F
K,Rb,Nd,Br
Rb,K,Sc,Cl
Rb,Li,Bi,F
Rb,Li,Nd,I
Rb,Li,Sc,Cl
Rb,Tl,Ga,I
Rb,Tl,Rh,F
Rb,Y,Hg,Br
Rb,Al,In,Br
K,Rb,Nd,Cl
K,Rb,Ta,Br
Rb,Li,Er,Cl
Rb,Li,La,Cl
Rb,Li,Mo,I
Rb,Li,Nd,Cl
Rb,Li,Sm,Cl
Rb,Na,Tl,I
Rb,K,As,F
Rb,Tl,Hg,Br
Rb,K,As,Br
Rb,Na,Sc,Br
Rb,Li,Tm,Cl
Cs,Ag,Bi,Br
Sr,Ta,Al,O
La,Mg,Ge,O
O,As,N,F
Ba,Pu,Ta,O
Pb,Mg,Re,O
Tl,Na,Sc,F
Sr,Lu,Ta,O
Ba,U,In,O
Sr,Sc,Os,O
Ba,Ho,U,O
Ba,Tb,Mo,O
Eu,Ca,W,O
Sr,In,Re,O
Pb,Nb,Co,O
N,Na,Sc,F
Pb,Fe,W,O
Rb,Li,Yb,Cl
Ba,Mg,Mo,O
Ba,Lu,Mo,O
Eu,Lu,Ta,O
Sr,Sc,Re,O
Ba,Dy,Ta,O
Eu,Yb,Ta,O
Sr,La,Nb,O
Rb,K,In,F
Ba,Ca,Bi,O
Ba,Lu,Re,O
Ni,Zr,Ti,H
Pb,Yb,Nb,O
Co,Sr,La,O
Co,Sr,Gd,O
Sr,Ta,Mn,O
Sr,Mn,Sb,O
Sr,Fe,Ru,O
Ga,C,N,Mn
C,Mg,Cd,O
La,Ga,Co,O
Mg,K,Na,F
Pb,Hf,Ti,O
Pb,Fe,Re,O
P,Fe,Ni,S
P,Cr,Ag,Se
P,Cr,Cu,Se
Al,Ce,Nd,O
Ti,Ba,Sr,O
Sn,Ba,Sr,O
Mo,Ba,Sr,O
Fe,Ba,La,O
Ba,Zr,W,O
Ba,Tl,Sb,O
Ba,Tb,Ir,O
La,Zn,Fe,O
Ba,Co,W,O
K,Na,Tl,F
Ba,Sm,Re,O
B,Ca,Sn,O
Ba,Sr,W,O
Sr,Co,Mo,O
Ba,Sc,Sb,O
Ba,U,Co,O
Ba,Eu,Sb,O
Mn,Ba,Nd,O
Ba,Bi,Sb,O
Cs,Na,Y,Cl
Ba,Y,Bi,O
Ba,Cu,W,O
Cs,K,Co,F
Ba,Dy,Bi,O
Sr,Cu,Os,O
Sr,Ni,Te,O
Sr,Zn,Re,O
Sr,Fe,W,O
Ba,Zn,Re,O
Rb,K,Mo,F
Ba,La,Ru,O
Rb,K,Cr,F
Cs,K,Ni,F
Rb,Na,Mn,F
Cs,K,V,F
Cs,K,Cr,F
Cs,Na,Y,Br
Cs,K,Ti,F
Ba,Pr,Ru,O
Ca,Fe,W,O
K,Na,In,F
Li,Zr,Te,O
Cr,Li,Co,O
S,As,N,F
Ba,U,Cu,O
Cs,Rb,N,F
Cs,K,Ga,F
Cs,In,Bi,F
Rb,Na,Tl,F
Cs,Rb,Tl,F
Cs,Na,In,Cl
Tl,Li,Ga,F
Sn,N,O,Ca
Cs,Na,In,H
Rb,Cs,Ga,F
Cs,K,In,F
In,N,F,Ba
Cs,Tl,In,Br
La,Mg,Bi,O
La,Ca,Bi,O
Ca,Bi,W,O
Sr,Sc,Ir,O
Ba,Sc,Ir,O
Ba,Pr,Sb,O
Sr,Cr,Os,O
Ba,Zn,Te,O
Sr,Ni,Ir,O
Ba,Cu,Os,O
Ba,Sr,U,O
K,Na,Mn,F
Sr,Cu,Mo,O
Sr,Co,Os,O
Cs,Na,Bi,Cl
Sr,La,Co,O
C,K,Np,O
Pb,Na,I,O
Ba,U,Pb,O
Pb,Mn,Re,O
Sr,Ti,Fe,O
Rb,Na,Ga,Br
K,In,As,Br
Na,Y,Hg,F
Na,Hg,As,Cl
Na,In,Cu,F
Na,Sc,Au,F
Na,Ru,Au,F
Li,Na,Ti,F
Li,In,Cu,F
K,Li,Nb,F
Li,Cu,Ir,F
K,Li,Lu,Cl
K,Na,Ga,Cl
Na,Ag,Au,Br
K,Tl,Sb,Br
K,Rb,Y,Br
K,Na,Tl,I
K,Na,Pr,I
K,Na,Nd,Br
K,Li,Y,I
K,Li,Sb,Br
K,Li,Sb,I
K,Li,Nd,Cl
Rb,Y,Cu,F
Na,Sm,Cu,Cl
Na,In,Cu,Br
Na,Ga,Cu,F
Na,Ag,Sb,Cl
Na,Ag,As,Cl
Na,Al,Ag,Cl
K,Tl,Au,Br
K,Al,Tl,Cl
K,Rb,Ga,Cl
K,Rb,As,I
K,Na,Sc,Cl
K,Na,Sb,Cl
K,Na,Sc,Br
K,Li,Y,Cl
K,Li,Tl,Cl
K,Li,Mo,Br
Li,Ga,Cu,F
K,Rb,Tl,F
K,Pr,Ag,F
Cs,Rb,Sc,F
K,Al,Ag,Cl
Cs,Rb,Au,F
K,In,Ag,Cl
Cs,Na,Mo,Br
K,Cu,Au,F
K,Sc,In,I
K,In,Sb,I
K,Hg,As,I
K,Pr,Cu,Br
K,Y,Au,I
K,Y,Au,Cl
K,Er,Au,Cl
K,Y,Ag,Cl
K,Tl,Ag,Cl
K,Pr,Ag,Br
K,Nd,Ag,Cl
Cs,Tl,Sb,I
Cs,Rb,Sc,Br
Cs,Rb,In,Cl
Cs,Rb,Al,I
Cs,Na,Sc,I
Cs,Na,Mo,I
K,In,Cu,Br
K,In,As,Cl
K,Y,Hg,F
K,Y,Hg,Cl
K,In,Hg,Br
K,Al,Hg,Br
Rb,In,Hg,F
K,Cs,As,F
K,Sb,Au,Br
K,Rh,Au,F
Rb,Sm,Cu,Cl
K,As,Au,I
K,As,Au,Br
K,Y,Ag,F
K,Ag,Pd,F
K,Ag,Mo,Cl
Rb,Nd,Cu,Br
K,Ga,Ag,Cl
K,Ga,Ag,Br
Cs,Y,Tl,F
Cs,Sc,Tl,I
Cs,Tl,Ru,F
Cs,Tl,Ga,Br
Cs,Tl,Bi,Br
Cs,Rb,Eu,Cl
Cs,Rb,Ce,Cl
Cs,Na,Sc,Br
K,Cs,Ir,F
K,Ga,Au,F
Cs,K,Ru,F
Cs,Sc,Au,F
Cs,K,Au,F
Cs,Y,Hg,F
Cs,Na,Au,Br
Cs,Y,In,Cl
Cs,Nb,Au,F
Cs,Na,Bi,Br
Cs,Na,As,Br
Cs,Li,Tb,Cl
Cs,Li,Sb,I
Cs,Li,Nd,Cl
Cs,Li,La,Cl
Cs,K,Ta,Br
Cs,K,Pr,Cl
Cs,K,Lu,Cl
Cs,K,Ce,Br
Cs,Y,In,I
Cs,In,Sb,Cl
Cs,Y,Hg,Br
Cs,In,Hg,Cl
Cs,Nd,Cu,I
Cs,Y,Au,I
Cs,Sb,Au,I
Cs,Sb,Au,Cl
Cs,Er,Au,Cl
Cs,Al,Au,I
Cs,Sm,Ag,Cl
Cs,Pr,Ag,I
Cs,Na,Dy,Cl
Cs,Li,Pr,F
Cs,Li,Dy,Cl
Cs,Li,Bi,I
Cs,K,La,Cl
Cs,K,In,Br
Cs,K,Ga,Cl
Cs,K,Al,Br
Cs,Y,In,F
Cs,Y,In,Br
Cs,In,Ga,F
Rb,Ce,Ag,F
Rb,Cu,Au,Cl
Na,Tl,As,F
Cs,Hg,Sb,Br
Rb,Eu,Cu,Cl
Cs,In,Hg,Br
Rb,Cs,Y,F
Rb,Cs,Tb,Cl
Cs,Nd,Cu,Br
Rb,Cs,Gd,Cl
Cs,Y,Ag,F
Na,Li,Tl,Br
Cs,Tl,Ag,Cl
Rb,Y,Au,F
Cs,Ag,Mo,Cl
Cs,In,Cu,Br
Rb,In,Au,Cl
Rb,As,Au,F
Cs,Lu,Ag,Cl
Rb,In,Hg,Br
Cs,Ga,Ag,I
Rb,Cu,Bi,I
Rb,Cs,Ga,Br
Rb,Cs,Sc,Br
Rb,Bi,Au,I
Rb,Sb,Au,I
Rb,In,Au,Br
Rb,Sb,Au,Br
Rb,Ag,Sb,Cl
Rb,Sc,Ag,Br
Rb,Tb,Ag,Cl
Rb,Pr,Ag,Br
Rb,In,Ag,I
Rb,Lu,Ag,Cl
Na,Li,Nd,Cl
Rb,Ag,Bi,I
Na,Li,Dy,Cl
Rb,Cu,Ru,F
Na,Rb,Al,F
Na,Li,Sc,Cl
Na,K,Sb,F
Na,In,Hg,F
Na,Al,Hg,F
Rb,K,Eu,Cl
Rb,K,Tl,F
Rb,Na,Nd,F
Rb,Sc,In,F
K,Rb,Bi,Br
Rb,K,La,Cl
Rb,Li,Mo,Cl
Rb,Na,Er,Cl
Rb,Na,Gd,Cl
Rb,Na,Pr,Cl
Rb,Na,Pr,I
Rb,Tl,Ru,F
Rb,Li,Eu,Cl
Rb,K,As,I
Rb,In,As,I
Rb,Sc,In,I
Rb,Y,In,Br
Rb,K,Tm,Cl
Rb,Li,Ce,I
Rb,Li,Y,Cl
Rb,Tl,Sb,Br
Rb,Y,Hg,Cl
Rb,K,Ga,Cl
Rb,Na,Sc,Cl
Rb,Sc,Tl,F
Ti,Li,Bi,O
B,Ba,Ti,O
B,Li,Bi,O
Li,Fe,Te,O
O,As,N,F
Ba,Eu,Ru,O
Ba,Sc,Os,O
Sr,Pr,Nb,O
Sr,Lu,Nb,O
Ba,Zr,U,O
Sr,Ho,U,O
Rb,Na,Pd,F
Ba,U,Hg,O
Sr,Ca,Os,O
Cs,K,Yb,Cl
Cs,Rb,Cu,F
Rb,Li,Ru,Cl
Tl,K,Ga,F
Sr,Na,Re,O
Ba,Sc,Re,O
Ba,Cd,Mo,O
B,Y,Sc,O
Fe,Sr,La,O
Sr,Fe,Co,O
Pb,Nb,Zn,O
B,Lu,Sc,O
Li,Ge,Te,O
La,Mn,Ni,O
Bi,K,Sr,O
Ti,K,Ce,O
P,Ca,Mg,Se
P,Al,Ag,Se
Sr,Tm,Re,O
K,Na,Rh,F
Ba,Y,Ir,O
Sr,Cd,W,O
Sr,Mg,W,O
Ba,Ca,W,O
Ba,Mg,W,O
Ba,Fe,Mo,O
Ca,Fe,W,O
Ca,Fe,W,O
Ba,Mn,Re,O
Ba,Ca,Ir,O
Ba,Ce,Pt,O
Ba,Gd,Nb,O
Cs,Na,Ho,Cl
S,Sb,N,Cl
Rb,K,Ni,F
Co,Ba,Nd,O
Tl,Na,Mo,F
Bi,Ti,Zn,O
K,Na,Fe,F
Cs,K,Fe,F
Rb,Na,Co,F
Rb,Na,Bi,F
Rb,Na,V,F
Cs,K,Rh,F
Ba,Sm,Sb,O
Sr,Ga,Sb,O
Rb,K,Ti,F
Ba,Li,Re,O
Ba,Y,Ru,O
P,V,Ag,Se
K,Na,Al,F
C,Li,Mn,O
V,Li,Cr,O
Ba,Sr,Ir,O
C,Li,N,O
Rb,S,F,Cl
Cs,Na,Sb,Cl
Cs,I,F,Cl
Cs,K,Tl,F
Cs,Tl,In,F
Rb,Na,Sb,Cl
Cs,Tl,Ga,H
Tl,In,Ga,F
Cs,Na,Pb,F
Cs,Tl,Ga,F
Cs,Na,Li,F
Cs,Na,Mg,F
Cs,Al,Tl,H
Cs,Na,As,Cl
Cs,Rb,Ga,F
Cs,Tl,In,H
La,Zn,Mo,O
La,Ca,Mo,O
La,Ca,Fe,O
La,Zn,Cr,O
La,Zn,Ni,O
Mg,Ta,W,O
Mo,K,Na,O
Ni,Sc,Sb,O
C,Ca,Zn,O
Ba,U,Zn,O
Sr,Mg,Re,O
Ba,Gd,Mo,O
Rb,Na,Al,F
Ba,Sm,Os,O
Sr,Ta,In,O
Sr,Li,Re,O
Sn,Mo,Os,O
Pb,Tm,Sb,O
Ba,Nb,Fe,O
Na,Li,Nb,F
Na,Tl,Cu,Br
Rb,Sc,Hg,F
Rb,Hg,Rh,F
Rb,Ag,As,F
Na,Rb,Ga,F
Na,Li,As,F
Na,K,Rh,F
Na,Ag,As,F
K,Na,Nb,F
K,Rb,Pd,F
K,Na,In,Cl
K,Li,Tb,Cl
Na,Dy,Cu,Cl
K,Sc,Tl,Cl
Na,Cu,Bi,Br
K,Nb,Tl,F
K,Rb,Tl,Br
K,Rb,In,Cl
K,Rb,Er,Cl
K,Na,Pr,Br
K,Na,Gd,Cl
K,Li,Tl,Br
K,Li,Mo,I
K,Li,Nd,Br
K,Li,Er,Cl
K,Rb,Ga,I
Rb,Tl,Cu,Br
Na,Rh,Au,F
Na,Tm,Ag,Cl
Na,Ga,Ag,F
Na,Al,Ag,F
K,Tl,In,Br
Na,Al,Ag,Br
K,Rb,Ta,F
K,Rb,Bi,F
K,Na,Sc,I
K,Na,Dy,Cl
K,Li,Tm,Cl
Na,Tl,Ag,F
K,Rb,Rh,F
K,Li,V,F
K,Sc,Hg,F
K,Li,Sc,Cl
K,Ti,Au,F
K,Sb,Au,F
Cs,Rb,Nb,F
K,Eu,Cu,Cl
K,Sc,Hg,Cl
K,Tb,Cu,Cl
K,Sc,Au,Br
K,Dy,Cu,Cl
Cs,Na,Lu,Cl
K,In,As,I
K,In,Ga,I
K,Y,Hg,Br
K,Ta,Cu,I
K,Cu,Sb,Br
K,Pr,Cu,I
K,Cu,Mo,I
K,Cs,Ti,F
K,Tm,Au,Cl
K,Dy,Au,Cl
K,Pr,Ag,I
K,Pr,Ag,Cl
Cs,Tl,Bi,Cl
Cs,Rb,Tl,Br
Cs,Rb,Sb,Cl
Cs,Rb,Nd,Cl
K,Y,Cu,Cl
K,Gd,Cu,Cl
K,In,Sb,Br
K,Al,In,Br
K,Hg,Sb,Cl
K,Hg,As,Br
K,Hg,As,Cl
K,Y,Cu,I
K,Tl,Cu,Br
K,Cu,Sb,Cl
K,Cs,Y,F
K,Cs,Al,Br
K,Y,Au,F
Rb,Tm,Cu,Cl
Rb,Tb,Cu,Cl
K,Pr,Au,Cl
K,Ga,Au,Cl
K,Eu,Au,Cl
K,Tm,Ag,Cl
K,Ag,Sb,Br
K,Nd,Ag,Br
K,Ga,Ag,I
K,Ga,Ag,F
K,Eu,Ag,Cl
Cs,Sc,Tl,F
Cs,Sc,Tl,Br
Cs,Tl,Au,Br
Cs,Rb,Ta,F
Cs,Rb,Al,Br
Cs,Na,Al,F
Cs,Li,Y,F
Cs,Li,Nd,F
Cs,Li,Er,Cl
Cs,Sc,Hg,Br
Cs,K,Tl,I
Cs,K,Sb,I
Cs,K,In,Cl
Cs,K,Au,Br
Cs,K,Bi,Br
Cs,In,Bi,Br
Cs,Hg,As,I
Cs,Tb,Au,Cl
Cs,Dy,Au,Cl
Cs,Nd,Ag,Br
Cs,Nd,Ag,Cl
Cs,Ga,Au,F
Cs,Cu,Sb,Cl
Cs,Dy,Cu,Cl
Cs,K,Ta,I
Cs,K,Ta,F
Cs,K,In,I
Cs,K,Ce,Cl
Cs,In,Sb,F
Rb,Cs,Tl,F
Rb,Cu,Bi,Br
Rb,Cs,Y,Cl
Rb,Tl,Au,Cl
Rb,Cu,Bi,Cl
Rb,La,Cu,Cl
Rb,Ta,Cu,Br
Cs,Cu,Mo,I
Cs,Cu,Bi,F
Rb,Sc,Hg,Cl
Rb,Cs,Sb,Cl
Rb,Cs,Ga,Cl
Cs,Nd,Au,Cl
Rb,Cs,Au,Cl
Cs,Ga,Au,Cl
Rb,Cs,As,I
Rb,Cs,As,F
Rb,Cs,Dy,Cl
Na,Y,Cu,Br
Cs,Ta,Ag,Cl
Cs,Pr,Ag,Cl
Cs,Nd,Ag,F
Rb,Sc,Hg,I
Rb,Al,Au,F
Rb,In,Hg,I
Cs,Ag,Mo,Br
Cs,Eu,Ag,Cl
Cs,Ce,Ag,I
Cs,Ce,Ag,Br
Cs,Ag,Au,Br
Cs,Al,Ag,Br
Rb,Ti,Ag,F
Cs,In,Ag,F
Cs,Gd,Ag,Cl
Rb,Cu,Mo,Br
Rb,Pr,Cu,Br
Rb,Cs,In,Cl
Cs,Al,Ag,F
Rb,Nd,Au,Cl
Rb,Bi,Au,Br
Rb,Pr,Ag,Cl
Rb,Ta,Ag,I
Rb,Nd,Ag,Br
Rb,Ag,Sb,I
Rb,La,Ag,Cl
Rb,Tl,Cu,F
Rb,Ag,Rh,F
Na,Li,Sb,F
Na,Li,Au,Cl
Na,In,As,F
Na,Ga,Hg,F
Rb,In,Cu,F
Rb,Hg,Ru,F
K,Li,Ta,F
K,Li,Ta,Cl
K,Ta,Ag,F
Cs,Na,Ta,F
Rb,Ti,Hg,F
Rb,Li,Ce,F
Rb,K,Ga,I
Rb,Al,In,Cl
Rb,In,As,F
Rb,In,Bi,F
Rb,Tl,In,Br
Rb,K,Au,F
K,Rb,Pr,Br
Rb,K,Sc,Br
Rb,K,Tl,Br
Rb,Li,Au,Cl
Rb,Li,Au,F
Rb,Na,Al,Cl
Rb,Na,La,Cl
Rb,Na,Ta,Cl
Rb,Al,Tl,I
Rb,Tl,Sb,F
Rb,K,In,I
Rb,K,Au,Br
K,Rb,Bi,Cl
K,Rb,Bi,I
Rb,K,Dy,Cl
Rb,K,Er,Cl
Rb,Li,Bi,Cl
Rb,Li,Pr,Cl
Rb,Na,Bi,I
Rb,Na,In,I
Rb,Na,Y,I
Rb,Tl,As,Br
Rb,Li,Ga,F
Rb,Tl,Hg,Cl
Rb,Sc,In,Cl
Rb,Na,Ga,Cl
Rb,Nb,Tl,F
Rb,K,Ru,F
Rb,Li,Rh,F
Pb,Re,Ni,O
Ba,Gd,Ta,O
Cs,K,Sc,F
Ba,Pu,Mn,O
Ba,U,Cr,O
K,Li,Pd,F
Tl,Li,Sc,Cl
Sr,Zr,Ti,O
Sr,Nb,Ga,O
Tl,K,Sc,F
Sr,U,Cr,O
Ba,Ho,Mo,O
Ba,Dy,Mo,O
Ba,U,Ge,O
Ba,Lu,U,O
Ba,Zn,Mo,O
Ba,Cd,Os,O
Ba,Er,U,O
Rb,Li,V,Cl
Ba,Sc,Nb,O
Eu,Er,Ta,O
Ba,Tb,Ta,O
Ba,Li,Te,O
Pb,Yb,Ta,O
Mn,Sr,Bi,O
Pb,Sc,Nb,O
Ti,Na,Bi,O
Ti,Na,Ce,O
Na,Ge,Te,O
Zn,C,N,Mn
Mn,Nb,Fe,O
Mn,La,Cd,O
La,Nb,Cr,O
Mg,K,Na,F
K,Mg,Cu,F
Al,La,Ce,O
Ca,Ir,Pt,O
Sn,Ba,Sr,O
Co,Ba,La,O
Ba,Ta,Mn,O
Ba,Nb,Co,O
Ba,Pr,Nb,O
Ba,Pr,Pb,O
Ti,Ca,Pb,O
Sr,Li,Re,O
Ba,Lu,Nb,O
Ba,Eu,Nb,O
K,Na,Y,F
Rb,Na,Er,F
Cs,Na,In,F
Ba,Ho,Re,O
Ba,Yb,Re,O
Sr,Tb,Re,O
Tl,Na,Rh,F
Ba,U,Ni,O
Ba,Ca,Mo,O
Sr,Mg,W,O
Ba,Yb,Nb,O
Ba,Fe,Re,O
Ti,Na,Bi,O
Ba,Nd,Bi,O
Mn,Tb,Bi,O
Bi,Ti,Zn,O
Cs,Tl,V,F
Rb,Na,Fe,F
Cs,Rb,Bi,F
Cs,Na,Yb,Cl
Cs,Ag,Au,Cl
Cs,Ag,Au,Cl
Cs,K,Sc,Cl
Cs,K,Bi,F
Cs,K,Eu,Cl
K,Na,Sc,F
Ba,Nd,Nb,O
Ba,Y,Re,O
Ba,Ca,Re,O
C,Li,Co,O
Co,Li,Cu,O
Rb,K,Sc,F
Cs,Li,In,Br
Cs,S,Br,Cl
Rb,Na,Bi,Cl
Rb,Tl,In,F
Cs,Se,Cl,F
Rb,Na,Pb,F
Rb,Li,In,Cl
K,S,Br,Cl
K,Br,F,Cl
Rb,Cs,In,F
Cs,Na,In,Br
La,Ca,Sn,O
La,Mg,Sn,O
Ca,Ni,W,O
Zn,V,W,O
Ba,Cu,Te,O
W,K,Na,O
Ni,In,Sb,O
La,Re,Ni,O
Sr,Ta,In,O
La,Ti,Co,O
Sn,Re,Tc,O
Ba,Ce,Nb,O
La,Zr,Ni,O
Cs,Na,La,Cl
Pb,Mo,Os,O
Ba,La,Ir,O
Sr,Y,Ta,O
La,Tc,Ni,O
Ba,Sm,Mo,O
Ba,V,Fe,O
Rb,K,Sc,I
K,Cs,Sc,F
Na,Tl,Hg,F
Na,Li,Tl,F
Na,Li,Y,F
Rb,Nb,Cu,F
Na,Li,Au,F
Na,K,Nb,F
Li,Na,Rh,F
K,Li,Ti,F
K,Li,Ga,F
K,Rb,Sc,F
Li,Cu,Sb,Cl
K,Na,Au,Cl
K,Li,Ce,Br
K,Li,Co,F
K,Rb,Lu,Cl
K,Rb,Ga,Br
K,Na,Sm,Cl
K,Na,Nd,Cl
K,Li,Ta,I
K,Li,Pr,Cl
Na,Ga,Au,F
Na,Ti,Ag,F
Li,Na,Al,F
K,Tl,Ir,F
K,Tl,In,F
K,Tl,As,F
K,Tl,As,Cl
K,Rb,Au,F
K,Na,Tl,Cl
K,Na,Tb,Cl
K,Na,Mo,I
K,Na,Bi,F
K,Li,Mo,Cl
K,Li,In,F
K,Li,Au,Cl
Li,Al,Cu,F
Na,Ti,Au,F
K,Tl,Au,F
K,Li,Cr,F
K,Hg,Pd,F
Rb,Hg,Sb,F
Cs,Al,Tl,F
K,Cs,Nb,F
Cs,Nb,Tl,F
K,Ce,Au,Cl
Cs,Rb,Tm,Cl
Cs,Na,Nd,Cl
K,In,Sb,Cl
K,Tb,Au,Cl
K,Sc,Au,Cl
K,Sb,Au,Cl
K,In,Au,Br
K,Bi,Au,Cl
K,Tl,Ag,I
K,Y,Ag,Br
K,Ta,Ag,I
K,Ta,Ag,Cl
K,Ag,Sb,I
K,Ag,Bi,I
K,Ce,Ag,Br
Cs,Y,Tl,Cl
Cs,Rb,La,Cl
Cs,Na,Pr,Cl
Cs,Na,Pr,I
K,Tl,Cu,F
K,Sc,In,Cl
K,In,Sb,F
K,Ga,Hg,Br
K,Pr,Cu,Cl
K,Cs,In,Cl
K,Cs,Al,Cl
Rb,Al,Hg,F
K,Ir,Au,F
K,As,Au,Cl
K,In,Au,I
K,Tl,Ag,F
K,Tl,Ag,Br
K,Ag,Au,Cl
Cs,Tl,In,Cl
Cs,Tl,As,F
Cs,Rb,Sb,I
Cs,Rb,Ga,Br
Cs,Rb,Au,Br
Cs,Na,Sb,F
K,Sc,Au,F
Cs,Li,Nb,F
Cs,Na,As,F
Cs,K,Ga,Br
Cs,Gd,Au,Cl
Cs,K,Ce,F
Cs,Tl,Cu,F
Cs,Na,Ce,Br
Cs,Al,In,I
Cs,Sc,Hg,I
Cs,Ga,Hg,I
Cs,Hg,As,Cl
Cs,Y,Cu,Cl
Cs,Cu,Bi,Br
Cs,Sm,Au,Cl
Cs,Y,Ag,Br
Cs,Ta,Ag,I
Cs,Ag,Sb,Cl
Cs,Li,Tm,Cl
Cs,Li,Tl,Cl
Cs,Li,Sb,Br
Cs,Li,Nd,I
Cs,K,Mo,Br
Rb,Al,Au,Cl
Rb,Cu,As,F
Na,Li,Lu,Cl
Cs,Y,Cu,I
Rb,Sc,Ag,Cl
Rb,Al,Hg,Cl
Rb,Cs,Ta,F
Cs,Cu,Bi,Cl
Cs,Tl,Au,I
Rb,Hg,Sb,Cl
Rb,Cs,In,Br
Rb,Cs,Al,Cl
Cs,Ga,Au,Br
Rb,Cs,As,Br
Rb,Cs,Al,Br
Cs,Sc,Ag,F
Cs,Sc,Ag,Br
Cs,Nd,Ag,I
Cs,Li,Eu,Cl
Cs,K,As,F
Cs,Sb,Au,F
Rb,As,Au,I
Cs,In,Ag,Br
Rb,Y,Ag,Br
Rb,Cu,Sb,Cl
Rb,Al,Hg,Br
Cs,Ce,Ag,Cl
Cs,Ag,Au,F
Cs,La,Ag,Cl
Cs,Al,Ag,Cl
Rb,Sm,Au,Cl
Rb,Ag,Mo,I
Rb,Ag,Sb,Br
Rb,Ag,Au,Cl
Na,Li,Ti,F
Na,Li,In,F
Na,Li,Bi,Br
Na,K,Ga,F
Na,Al,In,F
Na,Li,Y,Br
Na,Hg,As,F
Rb,Nb,Hg,F
Na,Ta,Ag,F
K,Cs,Al,F
Na,Li,Ir,F
Na,Li,Rh,F
K,Rb,Mo,Cl
Rb,Tl,Bi,F
Rb,Y,Tl,F
Rb,In,Ga,Cl
Rb,In,Sb,Br
Rb,Y,In,F
Rb,Li,Ce,Cl
Rb,Li,Ir,F
Rb,Na,Ce,F
Rb,Na,Lu,Cl
Rb,Na,Mo,Br
Rb,Na,Pr,F
Rb,Na,Sc,I
Rb,Tl,Ir,F
Rb,Ta,Tl,F
Rb,Y,Hg,I
Rb,Al,In,I
Rb,In,Bi,Cl
Rb,In,Sb,Cl
Rb,Y,In,I
K,Rb,Ce,Br
Rb,K,In,Br
Rb,K,Tl,I
Rb,Li,Dy,Cl
Rb,Li,Pr,Br
Rb,Li,Ta,Cl
Rb,Li,Ta,I
Rb,Li,Y,Br
Rb,Li,Y,I
Rb,Na,Eu,Cl
Rb,Na,Pr,Br
Rb,Na,Sb,I
Rb,Na,Y,Br
Rb,Y,Tl,I
Rb,K,As,Cl
Rb,Sc,Tl,Cl
K,Rb,Pr,F
Rb,Li,As,F
Cr,Na,Bi,O
Co,Na,Bi,O
Ba,Nb,Bi,O
B,Mg,Sn,O
Eu,Tm,Ta,O
Ba,Gd,Ta,O
Ba,Nd,Re,O
Ba,Nd,Ta,O
Cs,K,Pd,F
Cs,Na,Cr,Cl
Ba,U,Be,O
Sr,Mn,Re,O
Sr,In,Os,O
Ba,Nb,Rh,O
Sr,Dy,U,O
Ba,Yb,Mo,O
Cs,Li,Cr,F
Pb,Nb,Ga,O
Ba,In,Os,O
Eu,Sm,Ta,O
Ti,Na,Th,O
La,Mg,Nb,O
Ti,K,Th,O
Ba,Sm,Ta,O
Pb,Zr,Ti,O
Cr,Sr,Bi,O
Sr,Nb,In,O
Sr,Fe,Co,O
Pb,Nb,Fe,O
Ti,K,Bi,O
K,Mg,Cu,F
B,Er,Sc,O
La,Ca,Zr,O
Ba,Zr,In,O
Ba,Ta,Co,O
P,Al,Cu,Se
Ba,Nd,Nb,O
Ba,Yb,Ru,O
Ba,Ho,Ta,O
Ba,Ho,Ta,O
Ba,Sr,Te,O
Cs,Na,Tl,F
Cs,Na,Er,F
Cs,Na,Y,F
Rb,Na,Ti,F
Ba,La,Ir,O
Sr,Ca,W,O
Ca,Pd,W,O
Mn,Ba,La,O
Ca,Pd,W,O
Ba,Sm,Nb,O
Ba,Eu,Nb,O
K,Li,Al,H
K,Na,Al,H
Ba,Eu,Re,O
Bi,Ti,Zn,O
Pb,Sc,Ta,O
Cs,Na,Fe,F
Cs,K,Mo,F
Sr,Mn,Sb,O
Rb,K,V,F
Cs,Tl,Mo,F
Cs,K,Mn,F
Cs,Na,Er,Cl
Cs,Na,Sc,F
C,Ca,Mg,O
Ba,Ho,Ru,O
Ba,Er,Ru,O
Cs,Li,Ga,F
Ba,Pr,Sb,O
Ba,Y,Nb,O
P,Li,Cu,O
Al,Li,Fe,O
Ta,Li,Cu,O
C,Li,V,O
Co,Li,Fe,O
Li,Fe,W,O
Rb,K,Sc,F
K,Li,Al,F
Al,N,F,Ca
In,N,F,Ca
Rb,S,Br,Cl
Bi,P,N,Mg
Rb,K,In,Cl
Cs,Li,N,F
Sn,N,O,Sr
Tl,N,Cl,Ba
Cs,Na,Sr,F
Rb,Na,In,F
Sn,N,F,Ca
Cs,I,Br,Cl
La,Mg,Ti,O
La,Ti,Zn,O
La,V,Zn,O
La,Ca,Sb,O
La,Zn,W,O
Ba,Li,Os,O
Ba,Y,Os,O
Ba,Lu,Bi,O
Ba,Zr,Ti,O
La,Hf,Ni,O
La,Mn,Ni,O
Ba,Ta,In,O
Ba,Sr,U,O
Ba,V,Fe,O
Rb,Li,Nb,F
Na,Tl,Cu,Cl
Na,Y,Cu,F
Rb,Lu,Cu,Cl
Rb,Ga,Au,Cl
Rb,Cs,Ga,I
Rb,Hg,Bi,I
Na,Al,Tl,F
Na,Sc,Hg,F
Na,Sc,Cu,F
Na,Al,Cu,F
Na,As,Au,F
Na,Nb,Ag,F
K,Tl,Ga,Br
K,Sc,Tl,Br
K,Tl,Sb,Cl
K,Rb,Tm,Cl
K,Na,Y,Cl
K,Na,Ta,Br
K,Na,Ce,Cl
K,Na,Au,Br
K,Tl,In,I
Rb,Gd,Ag,Cl
Na,Cu,Au,Cl
Na,Sb,Au,F
Na,Ag,Ru,F
Na,In,Ag,Cl
Li,Na,Ta,F
Li,Al,Hg,F
K,Rb,Y,F
K,Rb,Sc,Br
K,Na,Sb,F
K,Li,Sb,F
K,Li,Rh,F
Na,Cu,As,F
Na,Ta,Au,F
Na,Sc,Ag,F
Na,Ag,Rh,F
K,Na,Au,F
K,Li,Ta,Br
K,Li,Nd,F
Cs,Na,Nd,F
K,Hg,Ir,F
Cs,Na,Rh,F
K,In,Ga,Cl
Cs,Sc,Tl,Cl
K,In,Hg,I
K,Nd,Cu,I
K,Cu,Bi,I
K,Cs,Al,I
K,Ce,Ag,Cl
K,Al,Ag,Br
Cs,Y,Tl,Br
Cs,Tl,In,I
Cs,Rb,Y,Br
Cs,Rb,Sc,I
Cs,Rb,Sm,Cl
Cs,Rb,Bi,Br
Cs,Rb,As,Br
Cs,Na,Tl,Br
Cs,Na,Nd,Br
Cs,Y,Tl,I
Cs,Rb,Ru,F
K,In,As,F
K,Al,In,F
K,Ta,Hg,F
K,In,Hg,F
K,Al,Hg,F
K,Lu,Cu,Cl
K,La,Cu,Cl
K,Cu,Bi,Cl
K,Cs,Pd,F
K,Cs,In,F
Rb,Cs,Ir,F
Na,Cu,Sb,F
Rb,Hg,As,F
K,Ru,Au,F
K,Nd,Au,Cl
Rb,Pr,Cu,I
K,Tb,Ag,Cl
K,In,Ag,Br
Cs,Al,Tl,Cl
Cs,Rb,Au,Cl
Cs,Rb,Al,Cl
Cs,Na,Mo,Cl
K,Ti,Ag,F
Cs,Na,Tm,Cl
Cs,In,Cu,Cl
Cs,In,Au,F
Cs,Al,Hg,Cl
Cs,Sc,Au,Br
Cs,Na,Gd,Cl
Cs,Li,Y,I
Cs,Li,Ta,Br
Cs,Li,Pr,Br
Cs,K,Y,Cl
Cs,K,Sc,I
Cs,K,Sb,Cl
Cs,K,Nd,Br
Cs,K,Ce,I
Cs,As,Au,I
Cs,Bi,Au,Br
Cs,Ag,Sb,Br
Cs,K,Pr,F
Cs,Hg,Sb,F
Cs,Na,Ce,F
Cs,Li,Bi,F
Cs,K,Tl,Cl
Cs,K,Mo,Cl
Cs,K,Al,I
Cs,Al,In,Cl
Cs,Al,In,Br
Rb,Ce,Cu,Cl
Cs,Al,Hg,F
Na,Li,Tb,Cl
Rb,Tl,Ag,Cl
Rb,Cs,Tm,Cl
Cs,Sb,Au,Br
Rb,Sc,Au,Br
Rb,Dy,Cu,Cl
Cs,Pr,Au,Cl
Cs,Bi,Au,I
Cs,Al,Au,Br
Rb,Cs,Al,I
Na,Sc,Cu,Cl
Cs,Tl,Ag,F
Rb,Sc,Au,F
Rb,Nb,Au,F
Rb,La,Au,Cl
Cs,As,Au,F
Rb,Sc,Cu,Cl
Cs,In,Ag,I
Rb,Y,Au,Br
Rb,Y,Au,Cl
Rb,Cs,As,Cl
Cs,Dy,Ag,Cl
Rb,Ta,Ag,Cl
Rb,Ga,Au,I
Rb,Bi,Au,Cl
Rb,Y,Ag,I
Rb,Nd,Ag,I
Rb,Pr,Ag,I
Rb,Ce,Ag,Cl
Rb,Ag,Au,Br
Rb,Ce,Ag,I
Rb,Ag,Ir,F
Na,Hg,As,Br
Na,Li,Bi,Cl
Rb,Ta,Ag,F
Rb,Al,Ag,F
Na,Li,Er,Cl
Na,K,Ta,F
Na,In,Hg,Br
Rb,In,Ag,F
Na,Cu,Au,F
K,In,Cu,Cl
Na,Li,Pd,F
Rb,K,Al,F
Rb,Sc,In,Br
Rb,K,Au,Cl
Rb,K,Ir,F
Rb,Li,Mo,Br
Rb,Li,Tb,Cl
Rb,Na,Dy,Cl
Rb,Na,Mo,I
Rb,Na,Nd,I
Rb,Na,Tb,Cl
Rb,Tl,As,Cl
Rb,Tl,Ga,Cl
K,Rb,Pr,I
Rb,Tl,Hg,I
Rb,K,Lu,Cl
Rb,K,Tb,Cl
Rb,K,Tl,Cl
Rb,Li,Pr,I
Rb,Li,Tl,Br
Rb,Na,Nd,Br
Rb,Na,Y,Cl
Rb,Tl,Sb,Cl
Rb,Tl,Sb,I
Rb,Li,Al,F
Rb,Li,Ta,F
Tl,K,Cr,F
K,Na,Pd,F
Sr,La,Ta,O
Ba,Dy,U,O
Co,Ba,Sm,O
Sr,Na,I,O
Rb,Li,Ho,Cl
Sr,U,In,O
La,Ni,Mo,O
Ba,Pu,Ti,O
Ba,Ag,I,O
Sr,Mg,Mo,O
Rb,Na,V,Cl
K,Ta,Nb,O
Ba,Pr,Bi,O
Co,Ba,Gd,O
Ti,Mn,Fe,O
Ag,Ta,Nb,O
Mn,Ta,Fe,O
Pb,Ta,Fe,O
Mn,Sr,Nd,O
Sr,Zr,Mo,O
Sr,Ti,Ru,O
Cr,Sr,Ca,O
Sr,Nb,Ga,O
Sr,Mn,Ru,O
Sr,Co,Ru,O
Sr,Co,Sb,O
Mn,Fe,Sb,O
Si,Mg,Fe,O
La,Co,Ni,O
La,Cu,Au,Al
Fe,Ca,Bi,O
Hf,Ba,Sr,O
Fe,Ba,Nd,O
Ba,Tb,Nb,O
Ba,Ce,Pb,O
Ba,Ce,Zr,O
Cs,Li,La,Br
Ba,Tm,Nb,O
Ba,Tm,Ru,O
Sr,Fe,W,O
Mn,Sr,Bi,O
Ba,Pr,Ru,O
Ba,La,Ta,O
Ba,Tm,Re,O
Sr,Er,Re,O
Sr,Yb,Re,O
Rb,K,Rh,F
Rb,Na,Rh,F
Ba,Nd,Sb,O
Ba,Yb,Sb,O
Sr,Fe,Mo,O
Ba,Nd,Mo,O
Sr,Ca,Mo,O
Ba,Ca,W,O
Ba,Sm,Mo,O
Mn,Ba,Pr,O
Sr,Zn,W,O
Ba,Nd,Mo,O
Pb,Mg,W,O
Sr,Re,Ni,O
Cs,Na,U,Cl
Mn,Sr,La,O
Cs,Tl,Fe,F
Ba,Yb,Bi,O
Sr,Co,W,O
Ba,Cu,W,O
Ba,Cd,Re,O
Ba,Pr,Nb,O
Cs,Na,Mn,F
Rb,K,Bi,F
Rb,K,Fe,F
Cs,Na,Sm,Cl
Sr,Y,Sb,O
O,As,N,F
Ba,Tb,Nb,O
Na,Li,Al,H
Ba,Lu,Sb,O
Ba,Y,Sb,O
Ba,Ca,Os,O
Cs,K,Cu,F
Ba,Gd,Sb,O
Co,Li,Cu,O
C,Li,V,O
Ba,Pr,Pt,O
Na,Li,N,F
Tl,Li,In,Cl
Cs,Rb,Pb,F
Cs,Na,N,F
Rb,Al,Tl,H
Cs,Li,Tl,F
Rb,Na,Tl,Cl
Rb,Tl,Ga,F
Pb,Se,N,Ca
Sn,N,F,Sr
Cs,Na,Ca,Cl
La,Ca,V,O
Ca,Co,W,O
Zn,Ta,W,O
Mg,Mo,W,O
Ca,Ta,W,O
Cs,Ag,Bi,Cl
Mn,Fe,W,O
O,Sb,N,F
Ba,La,Bi,O
Sr,Ca,W,O
Cs,Na,La,Br
Cs,Hg,Pd,Cl
Cs,Na,Ce,Cl
N,Ge,O,F
Cs,K,Sm,Cl
Sr,Zr,Ti,O
K,Na,V,F
Bi,Ti,Zn,O
Cs,In,Ag,Cl
Cs,Na,Ga,Br
Na,La,Cu,Cl
Rb,Hg,Ir,F
Rb,Cu,Au,F
Rb,Ga,Cu,F
Rb,Ta,Au,F
Na,K,Ru,F
Na,Ga,Hg,Br
Na,Y,Ag,F
K,Na,Pr,F
Li,In,Cu,Cl
K,Tl,Sb,F
K,Al,Tl,I
K,Rb,Y,Cl
K,Rb,Sb,Cl
K,Na,Y,I
K,Na,Bi,Br
K,Na,As,Br
K,Li,Pr,Br
K,Li,Pr,I
K,Li,Bi,I
Rb,Tl,Cu,Cl
K,Tl,In,Cl
K,Rb,Ti,F
K,Rb,Al,Cl
K,Na,Nd,I
K,Na,Eu,Cl
K,Na,Er,Cl
K,Li,Sb,Cl
K,Li,Ce,I
K,Li,Ce,Cl
Na,Pd,Au,F
Li,Na,Nb,F
Li,Sc,Cu,F
Li,Cu,Au,F
K,Rb,Ir,F
K,Na,Mo,Cl
K,Li,Ir,F
K,Hg,Au,F
K,In,Au,F
K,Tl,Hg,F
K,Bi,Au,Br
K,Sc,Ag,Br
K,Ag,As,Br
Cs,Tl,Ga,Cl
K,Y,Hg,I
K,Al,In,I
K,Hg,Bi,I
K,Hg,Bi,Cl
K,Ce,Cu,I
K,Sb,Au,I
K,Ta,Ag,Br
K,Ag,Mo,I
K,Ag,Mo,Br
K,Ce,Ag,I
K,Dy,Ag,Cl
Cs,Rb,Er,Cl
Cs,Rb,Dy,Cl
Cs,Rb,As,I
K,Sc,Cu,Cl
K,Al,In,Cl
K,Hg,Bi,Br
K,Tm,Cu,Cl
K,Nd,Cu,Cl
K,Cs,Ta,F
K,Cs,Sc,Cl
K,Cs,Au,F
Rb,Cs,Rh,F
K,Bi,Au,F
K,Al,Au,I
K,Sc,Ag,Cl
K,In,Ag,F
K,Ag,Au,F
Cs,Rb,Y,I
Cs,Na,Ta,I
Cs,Na,Ta,Cl
Cs,Tl,As,I
K,Ga,Hg,F
K,Hg,Bi,F
K,Cs,Ga,F
K,Ag,As,F
Cs,Tl,Sb,F
Cs,Li,Pd,F
Cs,Li,Au,F
Cs,Hg,As,F
Cs,In,Au,Cl
Cs,Li,Gd,Cl
Cs,K,As,Cl
Cs,K,Au,Cl
Cs,Al,Hg,Br
Cs,Na,Bi,I
Cs,Li,Nd,Br
Cs,K,Tm,Cl
Cs,K,Dy,Cl
Cs,In,As,Cl
Cs,Hg,Bi,Cl
Cs,Cu,Mo,Br
Cs,In,Au,Br
Cs,Ga,Au,I
Cs,Tl,Ag,I
Cs,Ta,Ag,Br
Cs,Sc,Ag,I
Cs,Ag,Sb,I
Cs,Na,Al,Cl
Cs,Li,Sc,Cl
Cs,Li,Sb,F
Cs,Li,Mo,I
Cs,Li,In,F
Cs,Li,Ce,F
Cs,Li,Au,Cl
Cs,K,Bi,I
Cs,K,Al,Cl
Cs,Sc,In,I
Cs,In,As,F
Na,Li,Tm,Cl
Rb,Er,Cu,Cl
Cs,Ga,Hg,Br
Rb,Ce,Cu,F
Rb,Ga,Hg,Cl
Cs,Tb,Cu,Cl
Cs,Ta,Cu,Cl
Rb,As,Au,Cl
Cs,Pr,Cu,Br
Cs,Cu,Mo,Cl
Cs,Cu,Bi,I
Rb,Cs,Sb,F
Rb,Pr,Cu,Cl
Rb,Ga,Hg,Br
Rb,Cs,Lu,Cl
Rb,Cs,Sc,Cl
Cs,In,Au,I
Cs,Al,Au,F
Cs,Al,Au,Cl
Rb,Sb,Au,F
Rb,Lu,Au,Cl
Cs,Sc,In,F
Rb,As,Au,Br
Cs,Ag,As,Cl
Rb,Hg,As,I
Rb,Hg,Sb,Br
Rb,Ta,Cu,I
Rb,Tl,Ag,Br
Cs,Er,Ag,Cl
Rb,In,Cu,Cl
Rb,Cs,Sc,F
Rb,Sc,Ag,I
Rb,Sc,Au,Cl
Rb,Tl,Au,I
Rb,Dy,Au,Cl
Rb,In,Au,I
Rb,Al,Au,Br
Rb,Pr,Ag,F
Rb,Nd,Ag,F
Rb,Er,Ag,Cl
Rb,Nb,Ag,F
Rb,Al,Ag,Br
Rb,Dy,Ag,Cl
Rb,Ag,Bi,F
Rb,Ce,Ag,Br
Na,Hg,As,I
Rb,Al,Ag,Cl
Rb,In,Au,F
Na,Li,Gd,Cl
Na,Ti,Hg,F
Na,Ta,Hg,F
Na,Hg,Pd,F
Na,Al,Hg,Br
Na,Al,Hg,Cl
K,Na,Ru,F
Cs,Nb,Cu,F
Rb,Li,Tl,F
Rb,Na,As,Cl
Rb,Na,Au,F
Rb,Na,Ir,F
K,Rb,Ce,F
Rb,Li,Nd,F
Rb,Li,Pr,F
Rb,Na,Tl,Br
Rb,Al,Tl,F
K,Rb,Mo,Br
K,Rb,Pr,Cl
K,Rb,Y,I
Rb,Li,Bi,Br
Rb,Li,Bi,I
Rb,Li,Nd,Br
Rb,Na,Bi,Br
Rb,Na,Ce,Br
Rb,Na,Nd,Cl
Rb,Na,Sm,Cl
Rb,Na,Ta,I
Rb,Tl,As,I
Rb,Tl,Ga,Br
Rb,Sc,Tl,Br
Rb,Y,Tl,Cl
Rb,In,Ga,Br
Rb,K,Al,Br
Rb,K,Al,Cl
Rb,Ti,Tl,F
Rb,K,Pd,F
Rb,Li,Ti,F
Rb,Na,Ru,F
Mn,Na,Bi,O
Sr,Mg,Re,O
Eu,Dy,Ta,O
Cs,Rb,Pd,F
Eu,Nd,Ta,O
N,Na,In,F
Ba,Gd,U,O
Sr,La,Sb,O
Rb,K,Cu,F
Ba,In,Sb,O
Sr,Yb,U,O
Ba,Sc,U,O
Eu,Y,Ta,O
Sr,Sm,U,O
Ba,Tb,Ta,O
Ba,Pu,Zn,O
K,Li,Cu,F
Tl,Ti,B,F
Ba,Tb,W,O
Ba,Ca,Nb,O
B,Tm,Sc,O
Co,Sr,Eu,O
Sr,Ti,Mo,O
Sr,V,Mo,O
Sr,Hf,Ti,O
Sr,Fe,Sn,O
Sr,Fe,Sn,O
Pb,Nb,In,O
Zr,Na,La,O
Ti,Mg,Zn,O
C,Mg,Fe,O
Ti,La,Tl,O
Mn,La,Ce,O
La,Mg,Zr,O
La,Ga,Ni,O
B,Ho,Sc,O
Bi,Fe,Co,O
P,Co,Ni,S
C,Ca,Cd,O
Ba,Zr,Sn,O
Ba,Tb,Sn,O
Ba,Mn,Nb,O
Ba,Ho,Nb,O
Mn,Ba,La,O
Pb,Fe,Re,O
Ba,La,Ta,O
Rb,K,Ga,F
Ba,Yb,Sb,O
Ba,Y,Sb,O
Rb,Na,Ho,F
Rb,Na,Ho,F
Sr,Zn,Mo,O
Sr,Cd,W,O
Ba,U,Mn,O
Ba,Re,Ni,O
Ba,La,Re,O
Ba,Eu,Ta,O
Ba,Mg,Re,O
Ba,Lu,Ir,O
Co,Ba,Pr,O
Ba,Ta,Bi,O
Ba,Bi,Sb,O
Ba,Nd,Ru,O
Ba,La,Ir,O
Rb,Na,Ni,F
Rb,K,Co,F
Sr,Co,Mo,O
Cs,Na,Bi,F
Cs,Na,Tb,Cl
Cs,Li,Lu,Cl
Cs,K,Tb,Cl
Ba,Nd,Sb,O
Ba,Pr,Ir,O
Sr,Cu,Te,O
Ba,Yb,Ta,O
Cr,Li,Mn,O
Rb,Na,Ga,F
Tl,Na,In,F
Rb,Na,Sb,F
Rb,Br,F,Cl
Rb,Li,Tl,Cl
Cs,K,N,F
Cs,Rb,In,F
La,Mg,V,O
La,Ca,Cr,O
Zn,Mo,W,O
Mg,Mn,W,O
Zn,Ti,W,O
Ba,Lu,Sb,O
Rb,K,In,F
Cs,Ag,Bi,Br
Pb,Y,Sb,O
Sr,Mg,Mo,O
Ba,Ce,Ta,O
Sr,Mg,Te,O
Sr,Zr,Co,O
Pb,Zr,Ti,O
Sr,La,Cr,O
Ba,Lu,Ta,O
Sr,Cr,Sb,O
Sr,Ta,In,O
Na,K,Pd,F
Rb,Hg,Sb,I
Rb,Cs,Nb,F
Rb,Cs,Al,F
K,Na,Ga,F
K,Rb,Nb,F
Na,In,Cu,Cl
K,Rb,Au,Cl
K,Na,La,Cl
Li,Na,Ga,F
Na,In,Ag,Br
Na,Ag,As,Br
K,Tl,As,I
K,Rb,Tb,Cl
K,Rb,Sb,Br
K,Rb,Gd,Cl
K,Na,Ce,I
K,Na,Bi,I
K,Na,Bi,Cl
K,Li,Nd,I
K,Li,La,Cl
K,Li,Dy,Cl
Na,Tb,Cu,Cl
Na,Er,Cu,Cl
Na,Ce,Cu,Cl
Na,Ag,Sb,F
Na,Ag,Pd,F
Na,Ag,Au,Cl
Li,Al,Ag,F
K,Sc,Tl,F
K,Tl,Rh,F
K,Tl,Pd,F
K,Tl,Ga,F
K,Tl,Bi,F
K,Tl,As,Br
K,Rb,As,F
K,Rb,Al,I
K,Rb,Al,Br
K,Na,Pd,F
K,Na,Nd,F
K,Na,In,Br
K,Na,Ga,Br
K,Na,As,Cl
K,Li,Y,F
K,Li,Y,Br
K,Li,Bi,F
Li,Na,As,F
K,Al,Tl,F
K,Rb,As,Cl
K,Li,Pd,F
K,Al,Ag,F
K,Ag,Rh,F
Cs,Na,Pr,F
K,Cu,Au,Cl
K,In,Au,Cl
Cs,Na,Ru,F
K,Tl,Hg,I
K,Tl,Hg,Br
K,Tl,Hg,Cl
K,Hg,Sb,Br
K,Y,Cu,Br
K,Y,Au,Br
K,Sc,Au,I
K,Sm,Ag,Cl
K,In,Ag,I
Cs,Tl,Sb,Br
Cs,Al,Tl,I
Cs,Rb,Sc,Cl
Cs,Rb,Bi,Cl
Cs,Na,Sb,Br
Cs,Rb,Ga,I
K,Er,Cu,Cl
K,Al,Cu,F
K,Hg,Rh,F
K,Hg,As,F
K,Al,Hg,Cl
K,Sm,Cu,Cl
K,Cs,Sb,F
K,Cs,Ga,Cl
K,Tl,Au,I
Rb,Hg,Bi,F
Rb,Y,Cu,Br
K,Ta,Au,F
K,Nb,Ag,F
Rb,Cu,Mo,I
K,Ag,Ir,F
K,Ag,Bi,Br
K,Ag,As,Cl
Cs,Tl,Rh,F
Cs,Rb,Sb,F
Cs,Rb,Gd,Cl
Cs,Na,Tl,Cl
K,Sc,Cu,F
K,Ce,Cu,Br
K,Cs,Ru,F
Cs,Na,Ga,F
Cs,Al,In,F
Cs,Ta,Hg,F
Cs,Tm,Cu,Cl
Cs,As,Au,Cl
Cs,Hg,Au,F
Cs,Li,Y,Br
Cs,Li,Sb,Cl
Cs,Li,Bi,Br
Cs,K,Ta,Cl
Cs,K,Nd,Cl
Cs,K,As,I
Cs,In,Bi,I
Cs,In,As,Br
Cs,Hg,Sb,Cl
Cs,Ta,Cu,Br
Cs,Hg,As,Br
Cs,Pr,Cu,I
Cs,Y,Ag,I
Cs,Na,Eu,Cl
Cs,Na,Au,Cl
Cs,Li,Ta,Cl
Cs,Li,Pr,I
Cs,Li,Mo,Br
Cs,Li,Ce,Cl
Cs,Li,Bi,Cl
Cs,K,Tl,Br
Cs,K,Pr,I
Cs,K,Pd,F
Cs,K,Sc,Br
Cs,K,Er,Cl
Cs,Sc,In,Cl
Cs,In,Ga,Cl
Cs,Tl,Hg,I
Na,Hg,Sb,F
Cs,Hg,Sb,I
Rb,Cu,Mo,Cl
Na,Cu,Sb,Cl
Na,Li,Sb,Cl
Rb,In,Hg,Cl
Cs,Y,Cu,Br
Rb,Cs,Y,Br
Cs,Eu,Cu,Cl
Rb,Cs,Pd,F
Na,Pr,Cu,Cl
Rb,Ag,As,Cl
Rb,Sc,Hg,Br
Rb,Ce,Au,Cl
Rb,Cs,Au,Br
Cs,Bi,Au,Cl
Rb,Tl,Au,Br
Rb,Ti,Au,F
Rb,Pr,Au,Cl
Rb,Ru,Au,F
Rb,Pd,Au,F
Rb,Ga,Au,F
Cs,Ta,Cu,I
Cs,La,Cu,Cl
Rb,Ga,Hg,I
Rb,Hg,As,Br
Rb,Ce,Cu,Br
Rb,Nd,Cu,I
Cs,Ga,Ag,Cl
Rb,Sc,Ag,F
Rb,Er,Au,Cl
Rb,Ag,Sb,F
Rb,Tl,Ag,I
Rb,Nd,Ag,Cl
Rb,Ga,Ag,F
Rb,Ga,Ag,Cl
Na,Li,Bi,I
Na,Li,La,Cl
Rb,Ag,Au,F
Rb,Al,Cu,F
Na,Li,Tl,Cl
Na,Li,Sc,F
Na,Li,Eu,Cl
Na,In,Ga,F
Na,Hg,Rh,F
Na,Tl,Cu,F
Na,Cu,Bi,F
K,Na,Ta,Cl
K,Ti,Cu,F
K,Cu,As,F
Cs,Ta,Au,F
Rb,Na,Pd,F
Rb,In,Sb,I
Rb,Li,Gd,Cl
Rb,Li,In,F
Rb,Li,Lu,Cl
Rb,Li,Sb,Cl
Rb,Li,Ta,Br
Rb,Na,Mo,Cl
Rb,Na,Nb,F
Rb,Na,Ta,F
Rb,Al,Tl,Cl
Rb,Tl,Pd,F
Rb,K,Al,I
Rb,In,Ga,I
K,Rb,Ce,Cl
K,Rb,Ce,I
Rb,K,Nb,F
K,Rb,Nd,I
K,Rb,Sb,I
Rb,Li,Sb,I
Rb,Y,Tl,Br
Rb,In,As,Cl
Rb,K,Ga,Br
Rb,Li,Ce,Br
Rb,Na,As,Br
Rb,Na,Au,Br
Rb,Tl,Hg,F
Rb,Y,Hg,F
Rb,Li,Sc,F
Ni,Na,Bi,O
Ba,U,Cu,O
Eu,Mg,W,O
Ba,U,Ti,O
Ba,Tm,Mo,O
Ba,Nd,Ta,O
Eu,Tb,Ta,O
Ba,Er,Mo,O
Sr,Na,Os,O
Ba,Y,Zr,O
Ba,Pr,Ta,O
Ba,La,U,O
Pb,Co,Re,O
Ba,Y,U,O
Ba,Eu,Mo,O
Ba,Er,Ta,O
Ba,Sc,Ta,O
Ba,In,Re,O
Eu,Ta,Al,O
Ba,Er,Re,O
La,Ni,W,O
Ba,Tm,Ta,O
Rb,Na,Cr,Cl
Ba,Mg,Os,O
Rb,Na,Cu,F
Rb,Li,Rh,Cl
Mg,La,Ti,O
Cs,Li,Al,F
Ba,Hf,U,O
Cs,K,Ho,Cl
Sr,Pr,Ta,O
Ba,Sm,U,O
Sr,Nd,Nb,O
Sr,Er,U,O
Ba,Gd,Re,O
Sr,Sc,Bi,O
B,Yb,Sc,O
Co,Sr,Nd,O
Sr,Fe,Sn,O
Ru,Na,La,O
Ti,Li,La,O
Ta,Li,Cu,O
Al,La,Ce,O
La,Ti,Cr,O
Mn,Ba,La,O
Ba,Ti,V,S
Ba,In,Bi,O
Ba,Ce,Nb,O
Ba,Y,Ta,O
Sr,Ta,Ga,O
Ba,Dy,Nb,O
Mg,Fe,W,O
Ba,La,Ru,O
La,Mg,Fe,O
Rb,Na,Y,F
Ba,Tb,Re,O
Ba,Dy,Re,O
Sr,Gd,Re,O
Sr,Dy,Re,O
La,Mg,Ni,O
Sr,Mg,Ir,O
Ba,Sr,W,O
Sr,Ni,Os,O
Ba,Gd,Nb,O
Pb,Mg,Te,O
Ba,U,Cu,O
Ba,Ta,Bi,O
Ba,Zn,W,O
Ba,Ca,Te,O
Ba,La,Sb,O
Ba,Ta,Bi,O
Ba,La,Nb,O
K,Na,Cr,F
K,Na,Ni,F
P,Li,Ni,S
Cs,Tl,Bi,F
Rb,Na,Cr,F
Rb,Li,Dy,Br
Cs,Li,Y,Cl
Cs,K,Y,F
Ba,Gd,Sb,O
Ba,Tb,Sb,O
Sr,Ga,Sb,O
C,Ba,Mg,O
Ba,Er,Nb,O
Ba,Ho,Sb,O
Ba,Na,Re,O
Si,Li,Fe,O
Co,Li,Cr,O
Cs,Rb,Y,F
Sr,Ho,Re,O
B,Sr,Sn,O
In,N,F,Sr
Rb,Na,As,F
Rb,Al,In,H
Cs,Br,F,Cl
Rb,Tl,In,Cl
Tl,Li,In,F
Cs,Ca,Sn,Cl
Cs,Na,Ca,F
Cs,Na,Ga,H
Cs,Rb,In,Br
La,Zn,Bi,O
La,Ca,Ti,O
La,Ca,W,O
Ca,Ti,W,O
Mg,Ti,W,O
Sr,Ti,Mo,O
Sr,Mn,Nb,O
Sr,Gd,Ru,O
Pb,Re,Tc,O
N,Na,V,F
Co,Ba,Ho,O
Sr,Zn,W,O
Sr,Zn,Mo,O
Bi,Ti,Zn,O
Ti,Na,Bi,O
Na,Li,Ru,F
Na,Tm,Cu,Cl
Na,Li,Al,F
K,Na,As,F
K,Li,Sc,F
K,Y,Tl,F
K,Rb,Sb,F
K,Rb,Ga,F
Na,Ga,Ag,I
K,Y,Tl,Br
K,Na,Sb,Br
K,Na,Sb,I
K,Na,Pr,Cl
K,Na,In,I
K,Na,Ce,Br
K,Li,Bi,Cl
Li,Sc,Cu,Cl
K,Li,Bi,Br
Na,Sc,Ag,Cl
Na,Ga,Ag,Br
Na,Ag,Au,F
Li,Na,Ru,F
K,Tl,Ru,F
K,Al,Tl,Br
K,Rb,Ru,F
K,Rb,In,F
K,Rb,As,Br
K,Na,Al,Cl
K,Li,Tl,F
K,Li,In,Cl
K,Y,In,Cl
Na,Ag,Ir,F
K,Na,Ti,F
Cs,Rb,Ir,F
Cs,Rb,As,F
K,Tl,Cu,Cl
K,Ga,Hg,Cl
Cs,Na,Sc,Cl
K,Hg,Au,Br
Cs,Rb,As,Cl
Cs,Na,Ir,F
K,Lu,Au,Cl
K,Gd,Au,Cl
K,Ga,Au,I
K,Sc,Ag,I
K,Nd,Ag,I
K,Ag,Au,Br
Cs,Tl,As,Br
Cs,Rb,Tb,Cl
Cs,Na,Y,I
K,Hg,Sb,F
K,Ta,Cu,Br
K,Nd,Cu,Br
K,Ce,Cu,Cl
K,Cs,As,Br
K,As,Au,F
K,Ag,Sb,F
K,Ag,Sb,Cl
K,Ag,Bi,Cl
K,La,Ag,Cl
Cs,Tl,Au,F
Cs,Tl,Bi,I
Cs,Tl,As,Cl
Cs,Rb,Tl,I
Cs,Rb,Ga,Cl
Cs,Rb,In,I
K,In,Ga,F
K,Ti,Hg,F
Cs,Rh,Au,F
Cs,Cu,As,Cl
Cs,Pr,Cu,Cl
Cs,Sc,Ag,Cl
Cs,In,Ga,Br
Cs,As,Au,Br
Cs,Li,Sm,Cl
Cs,Li,Pr,Cl
Cs,K,Y,I
Cs,K,Bi,Cl
Cs,K,As,Br
Cs,Tl,Hg,Br
Cs,Hg,Bi,Br
Cs,Y,Au,Br
Cs,Nb,Ag,F
Cs,Cu,Au,F
Cs,Na,Ga,Cl
Cs,Li,Ta,I
Cs,Li,In,Cl
Cs,K,Y,Br
Cs,K,Sb,Br
Cs,K,Mo,I
Cs,K,Gd,Cl
Cs,In,Sb,Br
Rb,Bi,Au,F
Na,Rb,As,F
Cs,Tl,Hg,F
Cs,Sc,Hg,Cl
Cs,Hg,Bi,I
Cs,Sc,Cu,Cl
Rb,Cs,Tl,Br
Cs,Cu,Sb,I
Cs,Ce,Cu,I
Na,Nd,Cu,Cl
Rb,Cu,Sb,Br
Cs,Sc,Au,Cl
Rb,In,Cu,Br
Cs,La,Au,Cl
Cs,Y,Ag,Cl
Cs,Tm,Ag,Cl
Cs,Tl,Ag,Br
Cs,Pr,Ag,F
Rb,Eu,Au,Cl
Cs,Sc,In,Br
Cs,Tl,Au,Cl
Rb,Hg,Au,Br
Rb,Hg,Bi,Br
Rb,Hg,Bi,Cl
Rb,Y,Cu,Cl
Cs,Ag,Bi,I
Rb,Tl,Ag,F
Rb,Y,Au,I
Rb,Sc,Au,I
Rb,Tb,Au,Cl
Rb,Ag,Ru,F
Rb,Y,Ag,Cl
Rb,Ga,Ag,I
Na,Li,Pr,Cl
Na,Li,Y,Cl
Rb,In,Ag,Cl
Rb,Ag,Bi,Br
Rb,Ag,Bi,Cl
Rb,Ga,Ag,Br
Na,Li,Bi,F
Na,K,Ir,F
Na,K,As,F
Na,Ga,Hg,Cl
Na,Hg,Au,F
K,Nb,Hg,F
Na,Li,Ga,F
K,Rb,Nd,F
Rb,Tl,In,I
K,Rb,Mo,I
Rb,Li,Y,F
Rb,Na,Sc,F
Rb,Al,Tl,Br
Rb,Tl,Bi,Br
Rb,Na,Ce,I
Rb,Sc,Tl,I
Rb,Y,In,Cl
Rb,K,Gd,Cl
Rb,K,Sm,Cl
K,Rb,Ta,Cl
K,Rb,Ta,I
Rb,Li,Sb,Br
Rb,Li,Sb,F
Rb,Na,Ce,Cl
Rb,Na,In,Br
Rb,Na,Sb,Br
Rb,Na,Ta,Br
Rb,Na,Au,Cl
Rb,Tl,As,F
Rb,Li,Ru,F
Mn,Li,Co,O
Ba,K,I,O
Sr,Cr,Os,O
Ba,Ta,Tl,O
Ba,Y,Mo,O
Ba,Pr,Ta,O
Cs,K,Cr,Cl
Ba,Zn,Os,O
Eu,Ho,Ta,O
Ba,Yb,U,O
Pb,Nb,Fe,O
Eu,Gd,Ta,O
K,Na,Cr,Cl
Rb,Li,V,Cl
La,Li,V,O
K,Ta,Nb,O
Ba,Li,I,O
Sr,Al,Sb,O
Ti,Ag,Bi,O
Cr,Sr,Ca,O
Pb,Sc,Sb,O
Nb,Na,Sr,O
Na,Ti,Te,O
Bi,Mg,Ti,O
La,Cr,Mo,O
Nb,K,Na,O
P,Cd,Fe,S
Ce,Cu,Au,Al
Co,Ca,La,O
Ba,Pr,Sn,O
S,Sb,N,F
Ba,Ca,Re,O
Cs,K,Ag,F
K,Na,Cu,F
Ba,Mg,U,O
Ba,Ca,W,O
Pb,Co,Te,O
Co,Ba,La,O
Ba,Nb,In,O
B,Mn,Sn,O
Ba,Na,Os,O
Sr,Ni,Mo,O
Ba,U,Fe,O
Sr,Cu,W,O
Ba,Bi,Sb,O
Ba,Tb,Bi,O
K,Na,Mo,F
Cs,K,Mn,F
Tl,K,Mo,F
Rb,Na,Mo,F
Rb,Na,Tm,Cl
Ba,Lu,Ru,O
Ba,Dy,Sb,O
Ba,Nd,Ru,O
Ba,Er,Sb,O
Ba,Y,Ta,O
Sr,Y,Re,O
Ca,Ti,Si,O
Cs,As,Br,Cl
Cs,S,F,Cl
Cs,Al,In,H
Rb,Na,In,Cl
Cs,Pb,Cl,F
Cs,Tl,Si,H
Tl,Na,Ga,F
Rb,In,Ga,F
Cs,K,Pb,F
Cs,Na,Al,H
Cs,Al,Ga,H
La,Mg,Sb,O
La,Zn,Sb,O
La,Zn,Sn,O
La,Mg,W,O
Ca,Cu,W,O
La,Mg,Rh,O
Na,Sn,Te,O
Sr,Zr,Mn,O
P,Tl,Sb,Se
P,Dy,Tl,Se
Ca,Sc,Os,O
Ge,Na,Mn,O
Si,Ca,V,O
Eu,Ho,Ta,O
P,Li,Al,S
Pr,Mg,Ir,O
Eu,Mg,Ir,O
Co,Ba,Sm,O
P,Zr,C,O
La,Li,Re,O
Sr,Co,Sb,O
Sm,Zn,Pt,O
Pr,Co,Ru,O
P,Na,Cr,S
Pr,Li,Ru,O
La,Nb,Ni,O
Ho,Mn,Ni,O
Gd,Zn,Pt,O
Er,Mg,Ti,O
Mo,Ca,Fe,O
Mn,Sr,Ca,O
Sr,Ta,V,O
Sr,Nb,Co,O
Sr,Co,Sb,O
Sm,V,Fe,O
Ti,Na,Tm,O
Ti,Na,Pr,O
Ti,Na,Dy,O
Na,Br,Cl,O
Se,Mn,Cu,O
Mn,La,Bi,O
La,Ti,Cu,O
La,Cr,Fe,O
Cs,Mn,Ni,F
Ti,Ca,Y,O
Mn,Ca,Lu,O
La,Na,Os,O
Sr,Y,Ta,O
Dy,Mn,Co,O
La,Li,Os,O
Lu,Fe,Co,O
Si,Zn,Cr,O
Si,Mg,Sn,O
Mg,Co,W,O
Mg,Cr,Sb,O
Sr,V,Mo,O
C,Li,V,O
Sr,Cr,Os,O
Ba,Mn,Nb,O
Sr,Fe,Co,O
Ca,V,W,O
Mg,Mn,W,O
Mg,Fe,Ir,O
P,Tm,Ag,Se
Sr,Ca,Ir,O
Ge,Zn,Ni,O
Zn,Cr,Sb,O
Sr,Co,W,O
Ba,Co,Mo,O
Ba,Mn,W,O
Ca,Mn,W,O
Sr,Co,W,O
Si,Na,Cr,O
Ge,Li,Fe,O
Sr,U,Co,O
P,In,Ag,S
P,Li,Cu,O
La,K,Nb,O
Si,Ba,Cu,O
Nd,K,Nb,O
La,Ti,Zn,O
Ba,Pr,Ir,O
Sr,U,Fe,O
Sr,Zn,Re,O
C,Sr,Ca,O
O,Sb,Cl,F
Ca,Nb,In,O
P,Na,Sb,S
Bi,Mn,Ni,O
Sr,Tb,Ir,O
Cs,Na,Al,F
B,Li,Bi,O
Li,Ti,Te,O
B,Cs,Ta,O
Se,Sr,Cu,O
Fe,Ho,Mg,O
Mo,Ho,Mg,O
Co,Ho,Mg,O
Mn,Ho,Zn,O
Ni,Ho,Mg,O
V,Ho,Zn,O
W,Ho,Mg,O
W,Ho,Zn,O
Mg,Ag,Sb,O
Mg,Ta,Sb,O
Si,Zn,Sn,O
Ca,Fe,Sb,O
Ca,Ni,Sb,O
Ca,Ta,Ti,O
Mg,Ta,Fe,O
Zn,Ta,V,O
Ca,Sb,W,O
Mo,Ba,Tl,O
Zn,Cu,Ir,O
Mg,Mn,Ir,O
Ca,Ni,Ir,O
Fe,Ca,La,O
Sb,Ca,Pr,O
Sn,Pr,Mg,O
W,Ca,Pr,O
Ti,Ca,Ho,O
Ba,Nb,Fe,O
Ba,Pr,Nb,O
Pb,Mn,W,O
Sr,Hf,Fe,O
Sr,Zn,W,O
Si,Mn,Zn,O
Al,Li,Br,O
Pr,Li,Ir,O
Nd,Na,Ir,O
Pb,Ni,W,O
Tm,Ni,Ru,O
Sr,Lu,Ta,O
Sm,Ni,Ru,O
Pr,Mg,Pt,O
Pr,Ni,Pt,O
La,Li,Ti,O
Tb,Li,Ru,O
Ho,Mg,Ti,O
Ho,Co,Pt,O
Gd,Ni,Ru,O
Ca,Tm,Ru,O
Al,Y,Er,O
Ta,Bi,F,O
Mn,Sr,Ca,O
Sr,V,Mo,O
Mn,Sr,Ca,O
Pr,Mn,Rh,O
Nd,Mn,Fe,O
Nd,Co,Ni,O
Ti,Na,Ho,O
Ti,Na,Lu,O
Ti,Na,Eu,O
Ti,Mg,Mn,O
Fe,La,Pb,O
La,V,Fe,O
La,Fe,Co,O
Ho,V,Fe,O
Mn,Ca,Tm,O
Ce,V,Fe,O
Pr,Li,Os,O
Si,Zn,Cu,O
Ca,Mn,W,O
Zn,Co,W,O
La,Zn,Co,O
Ba,Fe,Mo,O
Ba,Fe,W,O
Mn,Ba,La,O
Mn,Ca,Y,O
V,Li,Ni,O
Ge,Ca,Co,O
Cr,Ca,La,O
Sm,Ti,Mn,O
Sr,Cd,W,O
Sr,Ca,Mo,O
Ca,Ni,W,O
Sr,Ca,Mo,O
Y,Mn,Ni,O
Ca,Mg,W,O
Si,Na,Mn,O
La,Li,Mo,O
Pb,Co,W,O
Sr,Nb,In,O
P,In,Cu,Se
Sr,Nd,Bi,O
Mn,Li,Ni,O
Sr,Co,Mo,O
V,Na,Li,O
Ca,Bi,As,O
Ba,Ca,U,O
Sr,Ho,Sb,O
Cs,Na,Co,F
Ag,V,P,O
B,Ba,Zr,O
Mn,Ba,Tb,O
Ba,Cu,Te,O
Ba,Ti,O,F
Mg,Bi,As,O
Si,Ca,Mg,O
La,Zn,Ir,O
Cs,Na,Ga,F
Ca,Fe,W,O
Si,Na,In,O
Rb,K,Sc,F
Na,Li,Al,F
Si,Li,Ga,O
P,Ga,Ag,Se
Rb,K,Y,F
Ti,Li,V,O
Li,Cr,W,O
O,P,N,H
C,Li,Ni,O
Si,Li,Fe,O
Sr,Sm,Nb,O
Se,Ba,Cu,O
Ni,Ca,Ho,O
Sb,Ba,Tl,O
Ca,Co,Rh,O
Mg,Cu,Sb,O
Zn,Fe,Sb,O
Ni,Ba,Tl,O
Ca,Ta,Cu,O
Zn,Ta,Bi,O
Mg,Ta,W,O
Mg,Mo,W,O
Mg,Sn,W,O
Zn,Cu,W,O
Zn,Mo,W,O
Mg,Ti,Ir,O
Zn,Mn,Ir,O
Ge,Zn,Cu,O
Ge,Ca,Sn,O
Ge,Ca,W,O
Sb,Pr,Zn,O
Mn,Pr,Mg,O
Cr,Pr,Mg,O
Mo,Pr,Mg,O
Ni,Pr,Zn,O
Ti,Ho,Zn,O
Sn,Ho,Mg,O
Al,Ca,Si,O
Al,Ca,Si,O
Sr,Mn,Mo,O
Mn,Fe,Re,O
Gd,Ti,Zn,O
Ca,Fe,Os,O
P,Sm,Tl,Se
Mn,Cr,Sb,O
Si,Mg,Ti,O
Si,Ca,Ti,O
Si,Zn,W,O
Ge,Li,Fe,O
In,Mn,Ni,O
Mn,Fe,Sb,O
Sr,Ho,Ta,O
Cs,Li,Sc,Cl
Y,Mn,Co,O
Sm,Li,Ir,O
La,Li,Ir,O
Se,Ba,Pd,O
Yb,Mg,Ti,O
Sm,Ni,Pt,O
Nd,Ni,Pt,O
C,Na,Ce,O
V,K,Ag,O
C,K,Eu,O
Ho,Ni,Ru,O
Eu,Ni,Pt,O
Eu,Ni,Ru,O
Eu,Co,Ru,O
Ba,Er,Re,O
Yb,Mn,Co,O
Tb,Al,Fe,O
Ti,Sr,Ca,O
Sr,Ti,Mn,O
Sr,Nb,Fe,O
Sm,Mn,Rh,O
Nd,Mn,Rh,O
Ti,Na,Nd,O
Pb,Mn,Re,O
Cr,La,Sm,O
La,Fe,Ni,O
Fe,Gd,Bi,O
Eu,Ti,Cu,O
Mn,Ca,Nd,O
Ca,Nb,F,O
Ca,Ti,Ru,O
Si,Mg,Cr,O
Si,Ca,Cu,O
Sr,V,Mo,O
Sr,Co,W,O
Zn,Ni,W,O
Sr,V,Mo,O
Sr,Fe,Co,O
Sr,Fe,Sn,O
Fe,Sr,La,O
Sr,Fe,W,O
Sr,V,Mo,O
Mg,Cr,W,O
La,Na,Ta,O
P,Er,Ag,Se
Sr,Y,Ru,O
Sr,Tm,Ta,O
Ca,Fe,Mo,O
Nd,Mn,Ni,O
K,Li,Al,H
Sr,Co,Re,O
Mn,Ca,Pr,O
Sr,U,Mn,O
Sm,Mn,Ni,O
Bi,Mn,Ni,O
Ca,Ni,W,O
Cd,Bi,As,O
N,Cs,Ag,O
B,Cs,Nb,O
P,V,Ag,S
La,Mg,Ir,O
Si,Na,Sc,O
Ti,Li,Nd,O
Pb,Tm,Sb,O
Ge,K,In,O
C,K,Yb,O
Mn,Ho,Mg,O
Cr,Ca,Ho,O
Co,Ca,Ho,O
W,Ca,Ho,O
Zn,Sn,Sb,O
Zn,Ta,Sb,O
Ca,Sn,Sb,O
Ca,Ag,Sb,O
Ca,Cu,Sb,O
Mg,Ta,Ti,O
Zn,Ni,Sb,O
Ca,Sb,Mo,O
Mg,Ta,Ag,O
Ca,Ta,Bi,O
Mg,Ta,Sn,O
Zn,Ta,Cu,O
Ca,Ta,Ni,O
Ca,Ta,W,O
Mg,Bi,W,O
Mg,Ta,W,O
Ca,Ta,W,O
Zn,Te,W,O
Zn,Ti,Ir,O
Mg,Cu,Ir,O
Ge,Mg,Sn,O
Bi,Ca,Pr,O
Cu,Pr,Zn,O
Cr,La,Mg,O
Cr,La,Zn,O
La,Li,Fe,O
Si,Li,Ti,O
Gd,Mg,Ir,O
La,Mn,Ni,O
Y,Mn,Cr,O
Eu,Li,Ir,O
La,Na,Ir,O
C,Ba,Mg,O
Y,Mg,Ti,O
Tb,Mg,Ti,O
Tb,Co,Pt,O
I,Sr,H,O
Sr,Sm,Ta,O
Nd,Ni,Ru,O
C,Na,Sm,O
Sm,Li,Ru,O
Nd,Li,Ru,O
Gd,Mg,Pt,O
Eu,Mg,Pt,O
Ca,Sc,Re,O
Ba,Li,U,O
Tb,V,Fe,O
Mn,Sr,Sm,O
Co,Sr,Pr,O
Ru,Sr,La,O
Ta,Nd,F,O
Nd,Mn,Cr,O
Nd,Fe,Ni,O
Ti,Na,Gd,O
Ge,Li,Ga,Se
Mn,La,Nd,O
La,Mn,Cr,O
Gd,Ti,Cu,O
Ge,Ga,Ag,Se
P,Ce,Ag,Se
Mn,Ca,Tb,O
Mn,Ca,La,O
Ca,Mn,Ru,O
Ca,V,Mo,O
Pb,Ba,Sr,O
Ge,Ca,Zn,O
Si,Mg,Mn,O
Si,Ca,W,O
Si,Ti,Zn,O
La,Ca,Co,O
Mn,Ba,La,O
Zn,Co,W,O
Ge,Mg,Cr,O
Zn,Mn,W,O
Mg,Co,W,O
Zn,Fe,Ir,O
Sr,Ca,U,O
Cs,Na,Ti,F
Sr,Er,Mo,O
Si,Ca,Co,O
Nd,Mn,Co,O
Pr,Na,Os,O
Sr,Lu,Ru,O
P,In,Ag,Se
Ba,Co,W,O
Sr,In,Sb,O
Na,Li,Al,H
Bi,Cr,Fe,O
Ca,V,Bi,O
Cs,Na,Mn,F
Sr,Mn,Mo,O
Mn,Ba,Tb,O
C,Na,La,O
Tb,Mn,Ni,O
C,Ba,Ca,O
La,Mg,Ti,O
Sr,Ho,Ru,O
P,K,Sb,Se
C,Li,Co,O
C,Li,Fe,O
Si,Li,Co,O
Si,Li,Co,O
C,Li,Fe,O
Ge,Na,Sc,O
Li,Sn,Te,O
Sr,Mg,U,O
C,Rb,Sm,O
Cr,Ho,Mg,O
Co,Ho,Zn,O
Ca,Cu,Rh,O
Co,Ba,Tl,O
Ca,Co,Sb,O
Mg,Ta,Bi,O
Zn,Ta,Ag,O
Mg,Ta,Ni,O
Ca,Ta,Mo,O
Mg,Te,W,O
Zn,Sb,W,O
Mg,Ni,W,O
Zn,Cr,Ir,O
Fe,La,Mg,O
Ag,Pr,Mg,O
Ti,Pr,Zn,O
Sn,Pr,Zn,O
Bi,Pr,Zn,O
Cr,Ca,Pr,O
V,Ca,Pr,O
Bi,Ho,Mg,O
Sb,Ho,Mg,O
Sb,Ca,Ho,O
Sn,Ca,Ho,O
Sn,Ho,Zn,O
Sr,Yb,Nb,O
P,Y,Tl,Se
P,Er,Tl,Se
Sc,Mn,Ni,O
Ca,La,Sb,O
Br,Co,O,N
Ba,Lu,Ir,O
Pb,Mg,U,O
Nd,Na,Ru,O
Nd,Li,Ir,O
Na,K,Al,H
Sr,Ti,Mn,O
Y,Ni,Ru,O
Sr,Yb,Ta,O
Sr,Sc,Ta,O
Sm,Co,Ru,O
Nd,Zn,Pt,O
C,Na,Pr,O
C,Na,Nd,O
C,K,Tb,O
C,K,Sm,O
C,K,Tm,O
La,Mg,Nb,O
C,K,Lu,O
Eu,Li,Ru,O
C,K,Er,O
Gd,Ni,Pt,O
Eu,Zn,Pt,O
Dy,Mg,Ti,O
Dy,Co,Pt,O
Dy,Ni,Ru,O
Ca,Yb,Ru,O
Ba,Na,U,O
Y,Cr,Fe,O
Y,Mn,Fe,O
Ti,Mn,Ni,O
Mn,Sr,Pr,O
Sr,Mn,Cr,O
Ti,Na,Yb,O
Ti,Na,Er,O
Cr,La,Pr,O
Dy,V,Fe,O
Mn,Ca,Nd,O
Mn,Ca,Tm,O
Dy,Cr,Fe,O
Sm,Li,Os,O
Si,Zn,Ni,O
Ca,Cr,W,O
Ba,Nb,V,O
Mn,Sr,Ca,O
Sr,Mn,Mo,O
Sr,Fe,Sn,O
Sr,V,Mo,O
Zn,Fe,W,O
Mn,Ca,Y,O
Yb,Tb,Pr,S
Ge,Ca,Mn,O
Ge,Mg,Mn,O
Ge,Mg,Co,O
Mn,Ba,Y,O
Ba,Fe,W,O
Sr,Ni,Mo,O
Ca,Co,W,O
La,Ni,Ru,O
Sr,Fe,W,O
Rb,Li,Fe,F
Mg,V,Bi,O
Mn,Ca,La,O
Cs,Na,Fe,F
Ba,Ni,W,O
B,K,Ta,O
P,K,Sb,S
O,Ru,Cl,F
Cs,Na,Cr,F
Cs,Na,V,F
Na,K,Al,H
Si,Na,Al,O
Si,Na,Ti,O
C,Ba,Ca,O
Sr,Ce,Ir,O
La,Li,Sb,O
Si,Li,Mn,O
V,Li,Ni,O
P,Sc,Ag,S
Sr,Sm,Sb,O
Mo,Ho,Zn,O
Mg,Fe,Sb,O
Zn,Ti,Sb,O
Mg,Ni,Sb,O
Mg,Sn,Sb,O
Zn,Ag,Sb,O
Zn,Cu,Sb,O
Mg,Ta,Cu,O
Zn,Ta,Sn,O
Ca,Ta,Fe,O
Ca,Ta,Co,O
Zn,Ta,Cr,O
Zn,Ta,Ni,O
Zn,Ta,Mo,O
Zn,Ta,Fe,O
Zn,Ag,W,O
Ca,Sn,W,O
Ca,Bi,W,O
Ca,Ag,W,O
Ca,Te,W,O
Ca,Ti,W,O
Mg,V,Ir,O
Zn,Ir,W,O
Ca,Cr,Ir,O
Mg,Co,Ir,O
Ge,Mg,Ti,O
Ge,Ti,Zn,O
Ge,Ca,Ti,O
Cu,Pr,Mg,O
Ag,Ca,Pr,O
Sn,Ca,Pr,O
Fe,Pr,Mg,O
Fe,Ca,Pr,O
W,Pr,Mg,O
Mo,Pr,Zn,O
La,Zn,Rh,O
Ba,Cr,Mo,O
Sr,Hf,Cr,O
Sr,Fe,Os,O
P,Tl,Sb,S
Pb,Y,Sb,O
Pr,Na,Ir,O
Ba,Ta,Fe,O
Cd,V,Bi,O
Sr,Sc,Nb,O
Gd,Li,Ru,O
Ca,Li,Te,O
C,K,Y,O
Er,Ni,Ru,O
Ca,Sc,Ta,O
Ca,Sc,Nb,O
Ca,Ta,In,O
Fe,Y,Er,O
Ti,Sr,Ca,O
Sr,Ti,Mn,O
Sr,Fe,Sb,O
Sm,Ti,Cu,O
Sm,Co,Ni,O
Nd,Ti,Cu,O
Ti,Na,Y,O
Ti,Na,La,O
Ti,Na,Tb,O
V,Na,Li,O
Mn,La,Pr,O
Fe,Gd,Y,O
Gd,V,Fe,O
Er,V,Fe,O
Ca,Gd,Ta,O
Sm,Na,Ir,O
Nd,Li,Os,O
Lu,Mn,Co,O
Si,Mg,Cu,O
Si,Zn,Fe,O
Ca,Co,W,O
Mn,Ca,La,O
Sr,Co,Sb,O
Sr,Fe,Os,O
Ca,Fe,W,O
Sr,Ta,Mn,O
Zn,Cr,W,O
Ba,Fe,Mo,O
Mn,Fe,Re,O
Sr,V,Mo,O
Sr,V,Mo,O
Mg,V,W,O
K,Li,Al,F
Sr,Y,Ir,O
Sr,Ca,W,O
La,Co,Ir,O
Sr,Mn,W,O
V,K,Na,O
Ba,Mn,Mo,O
Nd,Na,Os,O
Sr,Lu,Bi,O
Ca,Mn,Ir,O
Sr,Tm,Ru,O
Bi,Mn,Co,O
Ba,Ni,Mo,O
In,Ga,Bi,S
La,Mn,V,O
Sr,U,Ni,O
Sr,Co,Te,O
Ba,Co,Mo,O
Si,Li,Al,O
Si,Ca,Zn,O
Si,Li,Bi,O
V,Li,Ti,O
Pb,U,Cd,O
Ba,Pr,Ru,O
Fe,Ca,Ho,O
V,Ca,Ho,O
Bi,Ba,Tl,O
Ca,Cu,Ir,O
Ca,Fe,Rh,O
Mg,Sb,W,O
Mg,Sb,Mo,O
Zn,Bi,Sb,O
Ca,Ti,Sb,O
Ca,Ta,Sb,O
Zn,Sb,W,O
Ca,Ta,Ag,O
Ca,Ta,V,O
Mg,Ta,V,O
Zn,Ta,Co,O
Zn,Ta,Mn,O
Zn,Ta,W,O
Ca,Cu,W,O
Mg,Ag,W,O
Mg,Sb,W,O
Zn,Ta,W,O
Zn,Sn,Ir,O
Ca,Sn,Ir,O
Zn,V,Ir,O
Ge,Zn,Sn,O
Ti,Pr,Mg,O
Sb,Pr,Mg,O
Cu,Ca,Pr,O
V,Pr,Mg,O
Co,Ca,Pr,O
Cr,Pr,Zn,O
V,Pr,Zn,O
W,Pr,Zn,O
Bi,Ho,Zn,O
Bi,Ca,Ho,O
Sr,Ni,Ru,O
P,Tl,In,S
Nd,Mg,Ir,O
P,Na,Al,S
Sr,Ca,Te,O
Sr,Ta,V,O
Sr,Cr,W,O
Tm,Mg,Ti,O
Pr,Mn,Ni,O
La,Co,Ru,O
La,Cu,Ir,O
Eu,Co,Pt,O
Tb,Mn,Cr,O
Mn,Sr,Ho,O
Ru,Sr,Ca,O
Sr,Ta,Fe,O
Nd,V,Fe,O
Nd,Mn,Ga,O
Pb,Mn,Te,O
La,Cu,Rh,O
Mn,Ca,Sm,O
Ca,Mg,Re,O
Na,K,Al,H
Fe,Ba,La,O
Ca,Cr,Sb,O
Sr,Hf,Fe,O
Zn,Mn,W,O
Ba,Fe,Mo,O
Ca,Cr,W,O
Zn,V,W,O
Rb,Li,Ga,F
Sr,Gd,Ru,O
Ba,Ni,Te,O
Sr,Cd,W,O
La,Mn,Co,O
Sr,Ni,W,O
Sr,Ni,W,O
Ca,Ni,Os,O
Ge,Na,Fe,O
Bi,Mn,Ni,O
Mn,Ca,Ho,O
Si,Li,Fe,O
Sr,U,Zn,O
Mg,Bi,P,O
Mn,Ba,Y,O
Sr,Yb,Ru,O
Ba,La,Sb,O
Sr,Tm,Nb,O
P,K,Bi,S
P,Cr,Ag,S
Ba,La,Ta,O
Yb,Pr,Dy,S
P,K,Bi,Se
Cs,Li,In,Cl
Sr,Tb,Ru,O
Sr,Er,Ru,O
La,Na,Ru,O
Si,Li,Sc,O
Si,Ca,Mg,O
Si,Na,Ga,O
C,Li,Cr,O
V,Li,Fe,O
C,Li,Mn,O
C,Li,V,O
Ti,Li,La,O
N,Cu,Br,H
C,K,Ho,O
Cr,Ho,Zn,O
Ni,Ho,Zn,O
Ca,Mn,Ni,O
Zn,Sb,Mo,O
Mg,Bi,Sb,O
Ca,V,Sb,O
Ca,Sb,W,O
Zn,Ta,Ti,O
Mg,Ti,W,O
Zn,Ti,W,O
Zn,Bi,W,O
Mg,V,W,O
Ca,Ti,Ir,O
Mg,Sn,Ir,O
Mg,Cr,Ir,O
Mg,Ir,W,O
Zn,Co,Ir,O
Ca,Ir,W,O
Ge,Mg,Cu,O
Fe,La,Zn,O
Ti,Ca,Pr,O
Bi,Pr,Mg,O
Ni,Ca,Pr,O
Mn,Pr,Zn,O
Fe,Pr,Zn,O
Co,Pr,Zn,O
Ti,Ho,Mg,O
Ge,Na,Ga,O
Na,Ge,Te,O
Ba,V,Mo,O
Dy,Mn,Ni,O
P,Tb,Tl,Se
Ge,Na,In,O
Y,Mn,Cr,O
Ca,Sc,Sb,O
Sr,Ca,Sb,O
Sm,Mg,Pt,O
Sm,Co,Pt,O
Pr,Zn,Pt,O
Nd,Mg,Pt,O
Nd,Co,Ru,O
Si,Mg,Cr,O
Rb,K,In,F
Gd,Mn,Ni,O
Se,Zn,Cu,O
Y,V,Fe,O
Fe,Sr,Pr,O
Hf,Sr,Ca,O
V,Sr,Ca,O
Pr,V,Fe,O
Ti,La,Y,O
Co,La,Nd,O
La,Mn,Ga,O
Gd,Mn,Co,O
Fe,Dy,Y,O
Eu,Mn,Rh,O
Mn,Ca,Y,O
Mn,Ca,Lu,O
Fe,Ba,Sr,O
Si,Ca,Sn,O
Ca,V,W,O
La,Mg,Co,O
Zn,Cr,W,O
Ca,Fe,W,O
Mn,La,Cd,O
Mg,Cr,W,O
Sr,Y,Sb,O
Sr,V,Mo,O
Mg,Fe,W,O
Zn,Fe,W,O
Mg,Mn,W,O
P,Sc,Ag,Se
Ba,Sr,U,O
V,Tl,Ag,O
Si,Li,V,O
Sr,Fe,Mo,O
Ge,Na,Cr,O
Sr,Lu,Ir,O
Pr,Na,Ru,O
Si,Ba,Cu,O
P,Tl,Bi,S
Sr,Dy,Sb,O
P,Ag,Bi,Se
P,Cu,Bi,Se
O,Sb,Br,F
Sr,Y,Nb,O
Si,Li,In,O
Ge,Ca,Cu,O
H,Ca,P,O
La,Li,Ru,O
Sr,Co,W,O
Si,Li,Bi,O
C,Li,Co,O
Li,Mn,W,O
Sm,Mg,Ir,O
C,K,Gd,O
C,K,Dy,O
Fe,Ho,Zn,O
Mo,Ca,Ho,O
Sn,Ba,Tl,O
Mg,V,Sb,O
Mg,Ti,Sb,O
Zn,Co,Sb,O
Mg,Co,Sb,O
Ca,Bi,Sb,O
Ca,Ta,Sn,O
Mg,Ta,Mo,O
Ca,Mo,W,O
Mg,Cu,W,O
Zn,Sn,W,O
Si,Mg,W,O
Ca,Cu,Ir,O
Ca,V,Ir,O
Mg,Ni,Ir,O
Ge,Mg,W,O
Ge,Zn,W,O
Ag,Pr,Zn,O
Ni,Pr,Mg,O
Mo,Ca,Pr,O
