Atom 1,Atom 2,Atom 3
H,Pb,I
La,Co,Si
S,I,Ag
Na,Be,O
Sn,B,Sc
Sm,Ti,O
In,N,Lu
Tl,Hg,O
Ho,Bi,Te
Rb,Mg,F
Sc,C,Co
Rb,Au,F
Ca,Ir,Si
La,Sc,O
Al,Ni,O
K,Mg,O
Tl,Cu,O
Pr,Pt,Ga
Sn,C,Dy
Al,C,Fe
Fe,Pb,O
Ga,C,Er
Sr,Ir,Ge
K,Cd,O
Tl,W,O
Yb,Eu,O
Ti,N,Fe
In,C,Pt
Pb,C,Tb
Cs,Ge,I
Ba,Pu,O
Rb,Pd,F
Ta,O,F
Cs,Hg,Cl
Ba,Zr,O
Tb,B,Rh
Al,C,Sc
In,C,Ce
K,Y,O
U,Hg,O
Ca,Be,O
Sm,Mn,O
Yb,Pt,O
Pb,C,Lu
Ce,B,Pt
Y,Si,O
Dy,C,Ru
Ba,Ir,O
Np,Os,O
Ba,Er,O
Eu,In,O
Cu,N,Mn
Rb,Al,O
K,Ge,Br
Y,Bi,O
P,N,Ba
Rh,N,Cu
Pr,Bi,O
Ba,Co,O
Dy,Pa,O
Y,Cr,O
Li,Pd,Si
Ba,Li,H
V,Pt,O
In,N,Gd
Sn,B,O
In,C,Lu
Rh,N,Mn
La,Fe,O
Cs,Hg,Cl
Rb,Te,O
Cu,Ag,F
La,Cu,O
K,Tc,O
Th,Be,O
Dy,Bi,O
Cs,Ca,F
Rb,Pd,Br
Bi,N,Sr
La,Pt,O
Li,Pa,O
Pa,Co,O
Sm,Pd,Ga
Pb,C,Sm
K,Mn,F
Ho,Er,O
Sr,Be,O
In,C,Mn
Rb,Ca,H
Cs,Cd,Cl
Sn,N,Ca
Al,C,Pt
Bi,P,Ba
Ba,V,O
Sb,O,F
Sb,Pb,O
Na,Re,O
Bi,Sb,Sr
Sb,As,Ca
Pd,N,Cr
Th,Co,Si
V,Pb,O
Eu,Fe,O
Cr,Mo,O
Tl,C,Dy
Ba,Bi,O
Al,C,Tm
Cs,Cl,O
Ca,V,O
Hf,Np,O
Tm,Sc,O
Ce,Pt,Al
Ba,Mg,In
Sc,Bi,O
Yb,Ti,O
Rb,Mn,O
Li,Be,O
Tl,Cu,Cl
Sc,B,Pt
Al,C,La
Cu,N,Mn
Th,Ta,N
Sr,Sc,O
Tl,B,O
Ti,Pb,O
Ce,V,O
S,I,Ag
Eu,Ge,O
K,Na,O
Sr,Ag,O
Na,V,O
K,Au,Cl
N,Cl,O
Rb,Hg,F
Ca,Sn,O
Al,V,O
As,P,Ba
K,Cu,Cl
Cu,N,F
Cd,B,O
Fe,Rh,O
K,Np,O
Np,Si,O
Pm,In,O
Ba,Ga,Cd
Ni,As,O
Np,Ti,O
As,N,Ca
Mn,In,F
Li,La,O
Y,Mo,O
Pu,Pb,O
Sr,Er,O
K,I,O
Sn,O,Sr
Ga,C,Y
Th,Ir,Si
Sm,Pt,Ga
Al,Bi,O
Cs,Ca,Br
Tl,Cu,F
Pu,Pt,O
Rb,Ag,Cl
Sb,N,Ba
Zr,B,Rh
In,N,Ni
Ba,Eu,O
Nd,Sb,O
Ba,Mo,O
La,B,Rh
Ba,Ti,O
Ca,Tc,O
Ca,Ge,O
Na,N,O
Eu,Si,Al
La,Os,N
Cs,Ca,Cl
Cs,Ca,Cl
Nd,Cr,O
Cs,Mg,F
Rb,Zn,O
Li,Lu,O
Dy,B,Pd
Rb,Np,O
Na,Cd,O
Sm,Si,O
Cs,Ir,O
Ca,B,O
Be,Ag,O
Al,C,Lu
Ir,N,Mn
Cu,C,O
Eu,Nb,O
Na,As,O
Hf,Mg,O
Hg,Rh,O
Cd,H,Cl
Al,C,Ce
Al,C,Co
Er,B,Pd
Sb,P,Sr
Sb,As,Sr
Bi,P,Ca
Bi,As,Ca
As,N,Ba
Sb,P,Ba
Ba,Mn,O
Mn,Cd,O
Ca,Ir,O
Cd,Si,O
Zn,Ir,O
Mg,Zr,O
Y,B,Pd
Yb,Pd,H
I,Cl,O
Ga,C,Ho
Pt,N,Cr
Na,Os,O
Rb,Os,O
Na,Mo,O
Tl,C,Sm
Ag,N,Mn
Al,N,Sm
Al,N,Ti
Sr,Au,Si
Ce,Os,Si
Cs,Eu,Cl
La,Ru,Ge
Tl,H,Pd
Sm,Os,Si
Sr,Ni,Si
Mn,N,F
Al,N,Gd
Ho,Ir,Si
La,Ru,Si
La,Au,Al
Eu,Ir,Si
Cs,Sn,Cl
La,Cu,Al
Cs,Sr,Cl
In,C,Mn
Sm,Fe,O
Ca,Cu,O
Sr,Eu,O
Rb,Au,Cl
Cs,Au,F
Ba,Ni,O
Na,Ti,F
Ti,Cu,O
Nd,B,Pt
Pb,O,Yb
Zr,Si,O
Zr,Tl,O
Ac,B,O
Ac,Si,O
Al,In,O
Co,B,O
Be,Sb,O
Ca,Zn,O
Ca,In,O
Ca,Hg,O
Co,Sn,O
Co,Rh,O
Cs,Ba,O
Cs,Te,O
Cu,Pd,O
Dy,Sn,O
Ga,Sn,O
Eu,Pb,O
Gd,Rh,O
Ho,B,O
In,Si,O
In,Sb,O
K,As,O
K,Zn,O
Li,Ru,O
Na,Al,O
Na,Ag,O
Mo,Pb,O
Na,Ni,O
Na,Yb,O
Nb,Bi,O
Nd,In,O
Ni,Pd,O
Np,Sn,O
Np,Ta,O
Pr,Cu,O
Pm,Er,O
Pm,Mg,O
Rb,Sn,O
Si,Mo,O
Sr,Li,O
Ta,Fe,O
Ta,In,O
Tb,Cu,O
Tb,Ni,O
Tb,Si,O
Yb,Sc,O
Yb,Zn,O
Pu,Ni,O
Sn,C,La
Al,O,Fe
Rb,Pa,O
Ga,C,Ni
Al,O,La
Sr,Pd,H
Tb,Bi,Te
Sr,Hg,In
Sm,Ni,Ga
Cr,W,O
Ce,Co,Si
Ca,C,Pd
Pr,Co,Ge
Dy,C,Rh
Zn,C,Ni
Pd,N,Fe
In,N,Sm
Ti,Pb,O
In,N,Tm
Ga,C,Mn
Pb,C,Pr
Sn,C,Co
Gd,B,Pd
Pb,N,Ca
Tl,C,Ce
In,C,Tb
Sn,C,Tm
Sn,C,Er
Ga,Bi,O
Sn,O,Ba
Ba,Tb,O
Al,C,Dy
Al,C,Ho
Dy,B,Rh
Ce,Al,O
Cd,C,O
Rb,V,F
Na,Mg,F
La,Co,O
K,Zn,F
Ga,N,Mn
Sn,H,Ti
S,I,Ag
Cs,Pb,Cl
S,I,Ag
K,N,O
Pt,N,Mn
Ce,Ti,O
Ba,Ta,O
Pr,Ti,O
Rb,Ta,O
Ba,Nd,O
K,Ti,O
Rb,Ag,F
Zn,Au,O
Sr,Ho,O
Ge,O,Ca
Zr,Os,O
Sm,Co,Si
Si,B,O
Li,Ce,O
K,In,O
Rb,Y,O
Rb,Na,O
Rb,Ho,O
Rb,Au,O
In,Cu,O
Pu,Ir,O
K,Ag,O
Na,Te,O
Na,Ti,O
Na,Tc,O
Eu,Ni,O
Si,Pb,O
Sm,Be,O
Sm,Ge,O
Sn,Pb,O
Rb,Tb,O
La,Be,O
La,Ga,O
Ag,B,O
Ti,P,N
Tl,Ag,Br
Tl,Co,F
K,Ge,Cl
Cs,Tl,F
Cs,Pd,Br
Cs,Ag,Br
Ba,Hf,O
K,Ag,Br
Tl,Ge,Cl
Tl,Ni,F
Al,Mo,O
Y,Cu,O
Al,Sb,O
Al,Ag,O
Zn,W,O
Ca,Fe,O
Al,C,Pr
As,P,Sr
Bi,As,Ca
Sb,P,Ca
Bi,As,Ba
As,P,Ca
Bi,Sb,Ca
Tl,B,Sc
Mg,Sn,O
Mg,Ti,O
Hg,Ir,O
Sn,Hg,O
Mg,Os,O
Cd,Os,O
Mn,Zn,O
Sr,Si,O
Hg,Ge,O
K,Cd,F
K,Mg,H
Li,Ca,F
Sn,C,Pd
Ba,Li,F
Ba,Au,Sn
Cs,S,O
Cs,Ge,Br
Eu,Ir,Ge
In,N,Co
Eu,Co,Ge
Mn,N,Cl
Ba,Ir,Ge
U,B,Rh
Ba,Pd,Si
Th,Os,Si
Ce,Co,Si
Yb,C,Rh
Sn,C,Sm
Mg,Cu,O
Ba,Ti,O
Li,N,O
Sb,P,Ca
Cu,Ge,I
Ca,Tl,F
Rb,Au,Br
Cs,Pd,Cl
P,N,Ca
Ac,Ga,O
Al,Au,O
Ba,Li,O
Ba,In,O
Ba,Tl,O
Be,V,O
Be,Re,O
Ca,Tm,O
Co,Sb,O
Cr,Rh,O
Cs,Os,O
Cs,Np,O
Cs,Th,O
Ga,Fe,O
Cu,B,O
Cu,Bi,O
Er,Be,O
Er,Ga,O
Ga,Si,O
Er,Zn,O
Fe,Ag,O
Li,Cd,O
Lu,Al,O
Cs,Pb,O
Nd,Np,O
Nd,Re,O
Pa,Os,O
Rb,Hg,O
Sc,Co,O
Sc,Si,O
Sn,Ge,O
Tb,Be,O
Th,Si,O
Ti,Cu,O
Yb,Ta,O
Tl,Si,O
Tm,Cr,O
U,B,O
Zr,B,O
Hg,N,Mn
Mg,B,Ni
As,N,Mg
As,N,Mn
K,Pa,O
Al,N,Mn
Tl,C,Gd
Ga,C,Gd
Ho,Sb,O
Ni,Ag,F
K,Ca,Cl
Co,N,F
In,Bi,Se
Eu,Ag,Ga
Eu,Cu,Si
Bi,Sb,Te
Ba,Pt,In
Sr,Tc,O
Sr,V,O
La,Mn,O
La,Fe,Ge
In,C,Yb
Pb,N,Nd
Pb,C,Pt
Sn,C,Ce
Ge,C,Mn
Sn,C,Nd
Sm,V,O
Pb,C,Y
In,N,Nd
Tl,C,Nd
Y,C,Rh
Ce,C,Rh
Sm,Co,O
Cs,Pb,Cl
Rb,I,O
Cl,O,Na
Sn,O,Ca
Zn,C,Mn
Y,B,Rh
Tl,Cl,O
Ba,Ti,O
Br,O,Rb
Bi,N,Ca
Sb,N,Ca
Ba,Sn,O
Sm,B,Pd
Nd,B,Rh
Lu,B,Rh
La,B,Pd
Al,C,Y
Al,N,La
Ni,N,Fe
Pr,B,Rh
Ca,Sn,O
K,Cr,F
Cs,Hg,F
Al,C,Er
Bi,N,Sr
Cs,Ge,Br
Cs,Pb,Br
K,N,O
Tl,C,La
Si,O,Ba
Ba,Pa,O
In,C,Sc
Ca,Sn,S
Zn,Bi,O
V,Ir,O
K,Pd,O
Sc,Cu,O
Fe,Rh,O
Lu,Rh,O
Li,Ho,O
K,Er,O
Eu,Al,O
K,Ru,O
Re,Bi,O
K,Pt,O
Nd,Ge,O
Rb,Cd,O
Rb,Bi,O
Na,Li,O
Eu,Sb,O
Np,Tc,O
Ce,Cu,O
Nb,Tl,O
Rb,Tm,O
Pm,Ru,O
Eu,As,O
Cs,Ca,O
Cs,K,O
Be,Zn,O
B,Pb,O
La,Mo,N
Y,Tc,N
Rb,Sn,Cl
Rb,Ag,Br
Cs,Ca,I
Rb,Tl,Br
Tl,Ag,Cl
Y,Sb,O
Al,Ni,O
Al,Co,O
Al,Bi,O
Mg,W,O
Al,C,Tb
Sc,B,Ir
Nd,B,Pd
As,N,Sr
As,P,Ba
Sb,As,Ba
Ba,Ge,O
Cd,Ir,O
Mg,Ru,O
Zr,Cd,O
Si,Hg,O
Mg,Rh,O
Zn,Ge,O
V,Zn,O
V,Hg,O
Ca,Mn,O
Al,N,Dy
Ba,Ru,O
Zn,C,Fe
Ga,C,Nd
Ga,C,Tm
K,Mo,O
Pb,C,La
Tb,Rh,Si
Pr,Fe,Ge
Sm,Rh,Si
Dy,Ir,Si
Ce,Rh,Si
Rb,Nb,O
La,Ni,O
Rb,Cr,O
Rb,V,O
Sr,Cu,O
Cs,Tl,Br
Sn,N,Nd
K,Al,H
Zn,Cu,O
K,Au,Br
Cs,Au,Br
Gd,Cr,O
Ba,Pd,O
Ag,Cl,O
Ag,Br,O
N,Cl,O
Ac,Al,O
Al,Si,O
Ac,Sc,O
Al,Pb,O
B,Te,O
B,Ir,O
Ba,Re,O
Ca,Sc,O
Co,Au,O
Cr,Ge,O
Dy,Cu,O
Cs,As,O
Cs,Nd,O
Cs,Cd,O
Cs,Rb,O
Er,Tl,O
Eu,W,O
Ge,Pd,O
Ho,Be,O
Hf,B,O
In,Os,O
La,Zn,O
Li,Ac,O
Cs,Tb,O
Cs,Ta,O
Cs,Yb,O
Mg,Zn,O
Mg,Hg,O
Pa,Be,O
Rb,Pu,O
Sb,Au,O
Sr,Mg,O
Ta,Ag,O
Tb,Er,O
Tb,Mg,O
Th,Mo,O
Ti,Te,O
Tl,Ge,O
Yb,Cu,O
U,Si,O
U,Re,O
U,Ir,O
Ba,Ni,Sn
Yb,Au,O
Cr,N,Fe
Tm,C,Ru
As,N,Mn
Rb,Eu,Cl
Co,Ag,F
Pb,C,Ho
Al,C,Ni
Ce,Pt,Si
Zn,N,F
Tl,Cd,N
Mg,Ag,F
Mn,C,Co
Ga,N,Fe
Ba,B,O
Tm,Bi,Te
Er,Si,Ni
Dy,Cu,Ga
Ba,Ge,Au
Ba,C,O
Sn,N,Ce
Ce,Ir,Ge
Nd,Al,O
Nd,V,O
In,N,Tb
In,C,Y
Pb,C,Gd
Pr,Co,O
Ce,Fe,Ge
In,N,La
Al,N,Nd
Tl,C,Yb
Th,C,Ru
Sr,Ru,O
Ce,Ga,O
K,Br,O
Tl,I,O
Rb,Br,O
Ga,N,Cr
Lu,B,Pd
K,Ta,O
Ho,B,Rh
Mn,Pb,O
Al,C,Mn
Ba,Ti,O
Eu,B,Rh
La,Co,O
La,Al,O
In,Bi,O
Na,I,O
Rb,Cu,F
Mn,Tl,Cl
In,Si,Te
Cs,Pb,F
Cs,I,O
In,N,Nd
Sc,C,Ir
Au,N,V
Cs,Ge,I
Cs,Ge,Br
Eu,Pd,H
Sn,C,Ho
Sc,C,Ru
Eu,Cr,O
Eu,Zr,O
La,Ti,O
Ta,Sn,O
Ag,N,O
Ga,C,Pr
Cs,Yb,F
Eu,Sn,O
Ac,Ti,O
Ac,Cr,O
Ca,Sn,S
Sr,Os,O
Au,O,K
K,Nb,O
Zr,Al,O
Li,Sm,O
Sb,Te,O
Lu,V,O
Ge,B,O
K,Si,O
Rb,W,O
Rb,Pd,O
Rb,In,O
Rb,Ag,O
Pr,Nb,O
Na,Pd,O
Na,Ru,O
Sc,Sn,O
Pb,Au,O
Cs,Ge,O
Co,Te,O
Cl,O,Li
La,W,N
Ba,Ti,O
Tl,C,Y
Ca,Tl,F
Cs,Sc,Br
Cs,Na,F
Rb,Se,Br
In,Pb,Cl
Rb,Pb,Cl
Tl,Cd,F
Y,Mn,O
Al,Fe,O
Y,V,O
Y,Ni,O
Ca,W,O
Sb,N,Sr
P,N,Sr
P,N,Sr
Sb,N,Ba
Bi,Sb,Sr
Sb,P,Sr
Ba,Si,O
Ca,Ru,O
Hf,Hg,O
Ti,Hg,O
Ba,Rh,O
Ca,Hf,O
Zn,Si,O
Zn,Rh,O
Zr,Zn,O
Cd,Ge,O
V,Cd,O
Sr,Rh,O
Cs,Be,F
Al,N,Er
Al,N,Ho
Al,N,Lu
Sn,N,Ni
Sc,C,Pd
Sn,N,Cr
Sr,Pt,Ge
Nd,Os,Si
Ni,N,F
Ce,Ir,Si
Nd,Ru,Si
Ce,Cu,Al
Gd,Ir,Si
La,Os,Si
U,Ni,Ga
Cs,Yb,Cl
Zr,C,Ru
N,Cl,O
C,O,K
Sc,C,Rh
Sm,Ag,O
Ba,Cu,O
Y,Ag,O
Tl,Ni,O
Sm,Ni,O
K,Au,F
Sn,O,Yb
Sn,C,Cl
Ac,Mg,O
Ba,Al,O
Ba,Ca,O
Ba,Pt,O
Be,Pd,O
Ce,Pu,O
Cs,Pa,O
Ga,Ge,O
Ga,B,O
Er,Ta,O
Eu,Lu,O
Eu,Tc,O
Gd,Si,O
Gd,Er,O
Hf,Be,O
In,Pt,O
Ho,Si,O
K,Ho,O
K,Co,O
K,Rb,O
Li,Cr,O
Li,Fe,O
Li,Mg,O
Li,Yb,O
Cs,Au,O
Mg,Re,O
Pm,Be,O
Pu,Ga,O
Pm,W,O
Sr,Ta,O
Sr,Yb,O
Sr,Zn,O
Pu,Mg,O
Pu,Sb,O
Sb,Pd,O
Sr,Pd,O
Tb,Os,O
Tb,V,O
Tc,Sn,O
Yb,Sn,O
V,Co,O
Zr,Be,O
Cs,Yb,H
Yb,C,Ru
Th,B,Rh
Ga,C,Lu
Sn,N,Sm
Lu,C,Ru
Sr,Pu,O
Sm,Sb,O
Y,Bi,Te
Sr,Zn,In
Sr,C,O
Nd,Pt,Ga
Nd,Ni,Ga
La,Be,Al
Ge,N,Cl
Al,O,F
Pr,Rh,Ge
Ce,Ru,Si
La,Rh,Ge
Nd,Co,Ge
La,Cr,O
In,B,Sc
La,Co,Ge
Ba,Ti,O
Gd,C,Rh
In,B,La
Pb,C,Nd
Ga,C,Dy
In,C,Ce
Tl,C,Er
Pb,C,Sc
Ce,Co,Ge
In,C,Tm
Sn,C,Fe
Hf,Pb,O
Pb,C,Tm
In,C,La
Pb,O,Ba
Pr,B,Pd
Al,C,Ti
Sr,Zr,O
Ce,Ga,O
Na,Ta,O
Tl,C,Sc
Sr,Ru,O
Ba,Ti,O
Ce,B,Rh
Pu,C,Rh
Sr,Ti,O
K,I,O
Rb,Fe,F
K,Fe,F
Ba,Pb,O
K,Cr,F
Sc,B,Rh
Al,C,Tb
In,C,Nd
Ba,Li,H
Ba,Ti,O
Zn,C,Mn
Rb,Yb,F
Al,C,Sm
Sm,C,Rh
K,Nb,O
Ba,Os,O
Pr,Al,O
Pa,Tl,O
Ac,Cu,O
Cs,U,O
Yb,Ge,O
Ca,Sn,S
Au,N,Ca
Zn,Ga,O
Ta,Be,O
U,Al,O
Tm,Be,O
Pa,B,O
Ni,Pb,O
Rb,Sm,O
Rb,Pt,O
Rb,Fe,O
Rb,Ni,O
Rb,B,O
Rb,Dy,O
Rb,Ac,O
Nd,Mg,O
Eu,Pt,O
Eu,Re,O
Mg,Pb,O
Na,Mg,O
Si,Pd,O
Sr,Al,O
Ho,Ge,O
Tl,N,Ti
Rb,In,Cl
Rb,Cu,Br
Li,Sn,Cl
In,Ge,Cl
Cs,In,I
Cs,In,Br
In,Sn,Cl
Mn,Tl,F
Al,Sn,O
Ti,Al,O
Y,Co,O
Ca,Co,O
Al,Cu,O
Y,Sn,O
Al,Cr,O
Al,W,O
Al,C,Er
B,Pb,Sc
P,N,Ca
Sb,As,Sr
Sb,As,Ba
Bi,As,Sr
Bi,Sb,Ba
Bi,P,Sr
Bi,Sb,Ca
Bi,As,Sr
Ti,Cd,O
Sr,Ir,O
Cd,Rh,O
Cd,Sn,O
Mg,Si,O
Sr,Ge,O
Hf,Cd,O
Cu,N,Ni
Ga,C,Pt
Ge,Pb,O
Mg,Ni,H
Pd,N,Mn
Sr,Al,H
Zr,Pb,O
Y,Ir,Si
Eu,Rh,Si
Nd,Co,Si
Hg,N,Cl
In,O,Eu
Cs,Pb,I
Ca,Pt,Si
La,Os,Ge
Mg,C,Ni
Ba,Rh,Ge
Pr,C,Rh
K,V,O
Sm,Cu,O
Eu,Ag,O
Cs,Tl,Cl
Sb,N,Mg
Pb,N,Nd
Cs,Nb,O
Eu,Mn,O
Pr,B,Pt
Ge,N,Ca
Zr,Ti,O
Al,Ir,O
Al,Ag,O
B,Pd,O
Ba,Be,O
Ba,Cd,O
Ba,Tm,O
Be,Si,O
Bi,Pt,O
Ca,Ho,O
Cr,Cu,O
Ce,Ta,O
Co,Mo,O
Eu,Er,O
Cu,Hg,O
Er,Cu,O
Ga,Te,O
Eu,Be,O
Eu,Tm,O
Eu,Au,O
Eu,Ir,O
Gd,Zr,O
In,As,O
K,Au,O
K,Mn,O
K,Zr,O
Li,Ni,O
Li,Dy,O
Li,Pm,O
Lu,Ga,O
Lu,Pd,O
Lu,Ge,O
Mg,Be,O
Mg,B,O
Mg,Bi,O
Mn,B,O
Np,Al,O
Na,Ca,O
Na,Pb,O
Pr,Pb,O
Pm,Eu,O
Pr,Hf,O
Sr,Tm,O
Pu,In,O
Pu,Ti,O
Rb,Rh,O
Si,Ag,O
Sr,Dy,O
Sr,Pt,O
Sr,Re,O
Th,W,O
Ti,Be,O
Yb,Si,O
Yb,Re,O
Yb,Pu,O
Yb,Pd,O
Tl,Tc,O
Zr,Ni,O
Al,O,Ce
Pd,N,Cu
Ca,B,Pd
Sn,N,Ce
Sn,C,Gd
Cs,Tm,H
Ca,Pd,H
Dy,Sb,O
Rb,Sr,Cl
Rb,Pb,Cl
Sn,H,Mn
Co,N,Fe
Cs,Sr,Cl
Sm,Cu,Ga
Sm,Bi,Te
Nd,Cu,Ga
La,Pd,Ga
In,Cu,O
Eu,Ni,Si
Ca,Pt,Ga
Ba,Sn,Ga
La,Ta,O
Sb,N,Ni
Nb,Ag,O
Sr,Hf,O
K,Ag,F
Zn,N,Mn
Nd,C,Rh
Ba,Fe,O
Tl,C,Tb
In,C,Dy
Eu,B,Pd
In,C,Nd
Mg,C,Co
Sn,C,Pt
In,C,Gd
Sn,C,Tb
In,N,Pr
Pb,C,Pd
Rb,Pb,F
Ba,Pb,O
Ti,Cd,O
Sn,N,Nd
Cs,Au,Cl
Cs,Hg,Br
La,Ir,Si
Tl,Br,O
Tb,B,Pd
Ba,Pt,Sn
Sr,Ni,Sn
In,N,Dy
Na,Nb,O
Rb,Ca,F
Sm,B,Rh
Pt,N,Fe
Sr,Fe,O
K,Cl,O
K,Cu,F
Rb,Mn,F
Ba,Ce,O
Ni,N,Fe
Er,C,Rh
Rb,Ge,I
Rh,N,Mn
Cs,Sn,I
Li,Ti,Cl
K,Hg,F
Sb,N,Sr
Cs,Eu,F
Ba,Np,O
Ga,C,Sc
Ac,Fe,O
Li,Tc,O
Eu,Si,O
Eu,Ru,O
Yb,Tm,O
Eu,Mg,O
Sc,V,O
K,Be,O
Lu,Si,O
La,Cd,O
K,Sc,O
Ru,Pb,O
Nd,Bi,O
K,Rh,O
Rb,Sr,O
Rb,Sb,O
Rb,Gd,O
Rb,Er,O
Rb,As,O
Si,Sn,O
Te,Pd,O
Rb,Yb,O
K,Tl,O
Tl,Fe,F
Rb,Pd,Cl
Rb,In,Br
Rb,Ca,Cl
K,Hf,O
Cs,Sr,Br
Cs,Pd,Br
Rb,Ca,I
Mg,Ag,F
Ni,Bi,O
Ni,Ag,F
Rb,Tl,F
Tl,In,Cl
Mg,Tl,F
Tl,Zn,F
K,Ca,Br
Tl,Pd,F
Bi,N,Ba
As,P,Sr
Sb,P,Ba
Hf,Zn,O
Mg,Ir,O
Ca,Rh,O
Cd,Ru,O
Hg,Ru,O
Mg,V,O
Cd,N,Ni
Sc,B,Pd
In,C,Er
In,C,Ho
Ga,C,Sm
Sn,C,Cl
Ba,Pd,Ge
Sr,Zr,O
Nd,Cu,Al
Pr,Cu,Al
Th,Rh,Si
Nd,Ir,Si
Tm,C,Rh
Eu,Co,O
La,Ag,O
K,Cr,O
Gd,Cu,Al
As,P,Ca
Ca,Co,O
Ba,Pd,Sn
Cs,Si,I
Rb,U,O
Gd,Al,O
Al,Sb,O
Ac,Ni,O
B,Pt,O
Ba,Sc,O
Ba,Yb,O
Be,Ge,O
Be,Cd,O
Be,Cu,O
Ca,Y,O
Ca,La,O
Ce,Be,O
Ce,Mn,O
Cs,La,O
Cs,Pr,O
Cs,Sr,O
Cs,Ti,O
Ga,Ni,O
Cu,Pb,O
Eu,Pd,O
Gd,Be,O
Ge,Bi,O
K,Al,O
K,Tm,O
K,Yb,O
K,Dy,O
Li,Tm,O
Li,Er,O
Li,Pr,O
Lu,Re,O
Cs,Eu,O
Mg,Tl,O
Mg,Al,O
Ni,Pt,O
Ni,Sb,O
Na,Ge,O
Np,Hg,O
Np,Mo,O
Pr,Be,O
Rb,Ge,O
Sr,Sb,O
Th,Pd,O
Yb,Tc,O
Yb,In,O
Yb,Ni,O
V,Bi,O
Yb,Be,O
Al,H,Fe
Cd,C,Ni
La,C,Rh
Ho,C,Ru
Ga,C,Tb
Au,N,Mn
Cs,Pd,F
Rb,Cd,N
Yb,Au,Al
Sr,Au,In
Sm,Cu,Al
Nd,Pd,Ga
Nd,Ag,Ga
Eu,Cu,Ga
Dy,Sb,Te
Eu,Zn,In
Ce,Ni,Ga
Ce,Cu,Ga
Ce,Be,Al
Zr,Be,O
Ce,Rh,Ge
Zn,Ag,F
Sr,Mo,O
La,V,O
Pr,Cr,O
Eu,Pt,Ge
In,C,Sm
Pb,O,Ca
In,C,Ti
Zr,Pb,O
Pb,C,Er
Ce,Cr,O
Pb,C,Ce
Na,V,F
Al,N,Pr
Eu,C,Rh
Ga,C,Yb
V,C,Ru
Nb,C,Ru
Tl,C,Tm
Rb,Cl,O
Na,Be,H
In,N,Sc
U,Ni,Ga
K,Mg,F
Au,O,Rb
Li,Eu,H
Ca,Zr,O
Tm,B,Rh
Tl,I,O
K,V,F
K,Ni,F
Cs,Sm,Cl
Al,C,Nd
Sr,Mg,In
Pt,N,Fe
Cs,Tm,Cl
Al,C,Gd
Ca,Ti,O
Ba,Ti,O
Br,O,H
Cs,Ca,H
In,P,F
Rb,N,O
Cl,O,Rb
Yb,Al,O
Ge,C,Ni
Cs,Cd,F
Ta,Tl,O
K,Pu,O
Ce,Fe,O
Ac,Mn,O
U,Tl,O
Ca,Sn,S
Zn,B,O
Yb,Mg,O
Si,B,O
Si,Bi,O
Np,Be,O
Re,Te,O
Rb,Re,O
Rb,Ir,O
Rb,Mo,O
Li,Ca,O
Rb,Ca,O
Li,Y,O
Mg,Mn,O
Np,B,O
Ni,Mo,O
Sm,Ga,O
Sr,Ca,O
Sr,Pd,Ge
K,Bi,O
Pr,Ga,O
Cs,Bi,O
Cs,Gd,O
Dy,Al,O
Br,O,Na
Tl,Ge,Br
Rb,Ca,Br
Cs,Sr,I
K,Ag,Cl
K,Ca,Cl
Mn,Al,O
Yb,B,Pd
Bi,N,Ca
Sb,As,Ca
Sb,N,Ca
P,N,Ba
Bi,N,Ba
Bi,P,Ba
Bi,Sb,Ba
As,N,Ba
Mg,Ge,O
Hg,Os,O
Ca,Os,O
Zn,Sn,O
Cd,N,Co
La,C,Pd
Y,C,Pd
Al,N,Tb
Ti,Sn,O
Al,N,Tm
Y,B,Pt
Y,C,Pt
Zn,C,Co
Tl,N,Ca
Tl,C,Lu
Sn,C,Lu
Eu,Pd,Ge
Sn,C,Cl
Tb,Co,Si
Zn,N,Ni
Pr,V,O
Gd,Co,Si
Eu,Rh,Ge
Lu,C,Rh
Ce,Au,Al
Nd,Rh,Si
Eu,Cu,O
Mg,Co,O
Mn,Hg,O
Al,N,Ce
Al,N,Pr
C,I,H
La,Ga,O
Ca,Sn,S
Sr,Nd,O
Al,V,O
B,Au,O
Ba,Dy,O
Ba,W,O
Be,Hg,O
Be,Au,O
Be,B,O
Be,Pt,O
Be,Pb,O
Ca,Mg,O
Cr,Tc,O
Dy,Rh,O
Dy,In,O
Cs,Pd,O
Cs,Mo,O
Cs,Ru,O
Ga,Fe,O
Er,Ir,O
Fe,As,O
Eu,Mo,O
Gd,Cu,O
Gd,Th,O
Hf,Th,O
Ge,Te,O
Ho,Cu,O
K,Te,O
K,Sr,O
La,Mg,O
K,Os,O
La,Zr,O
La,Sn,O
Li,B,O
Li,Ge,O
Li,Al,O
Li,Eu,O
Li,Si,O
Lu,Np,O
Cs,Sb,O
Mg,In,O
Na,Co,O
Na,Fe,O
Na,In,O
Na,Si,O
Na,Zn,O
Nd,Ta,O
Pa,Si,O
Pa,Ta,O
Rb,Mg,O
Sr,Au,O
Tb,Te,O
Th,B,O
Th,Cu,O
Th,Re,O
Yb,Ga,O
U,Ti,O
V,Os,O
Pb,C,Yb
Rb,Cr,F
Mn,Ag,F
Al,B,Fe
Sn,N,Pr
Er,C,Ru
Sn,N,La
Fe,Sn,O
Ru,N,Cu
U,O,F
Pr,Pd,Ga
Lu,Bi,Te
La,Pt,Ga
K,I,O
Eu,Ni,Si
Na,W,O
Pu,C,Ru
Gd,B,Rh
Ce,B,Pd
Sr,Cr,O
Nd,Co,O
Ni,N,Mn
Sn,C,Pr
La,Ir,Ge
Gd,Co,O
Tl,C,Ho
Rh,N,Cr
Ta,C,Ru
Sn,C,Yb
Ba,Pt,Ge
Ho,C,Rh
Cs,Ge,Cl
K,Mg,H
Br,O,Li
Cs,Br,O
Ba,Nb,O
Cl,O,H
K,U,O
Sr,Hf,O
Ba,C,O
Ba,Pr,O
K,Ca,F
Sn,N,Mn
Cs,Fe,F
K,Co,F
Rh,N,Fe
Ca,Si,O
Sr,Zr,O
Br,O,H
Ga,N,Nd
Cd,C,O
Rb,Cd,F
Pr,Tl,O
Cs,Sr,F
Ce,Ni,O
Sr,Hg,O
Sr,In,O
Sc,Pd,O
Sc,As,O
K,Ba,O
K,Re,O
Ho,Sn,O
Re,Sb,O
Rb,Tl,O
Rb,Ru,O
Rb,Cu,O
Rb,Ba,O
Rb,Be,O
Pu,B,O
Nd,Be,O
Na,Pu,O
Na,Sr,O
Eu,Os,O
Sr,As,O
Y,Os,O
Sm,Pu,O
K,Tb,O
Sr,Tl,O
K,Ca,O
B,Os,O
Cs,Sn,O
Ca,Tl,Cl
Tl,Ag,F
Rb,Sr,Cl
Rb,Pb,Br
Cs,Tl,F
Cs,In,F
K,Cr,Cl
Tl,Ni,O
Y,Ti,O
Y,Fe,O
Tm,B,Pd
Bi,P,Sr
As,N,Sr
Bi,P,Ca
Bi,As,Ba
Zn,Os,O
Zr,Hg,O
Ti,Zn,O
Hf,B,Rh
La,C,Pt
Zn,C,Mg
Sc,C,Pt
La,B,Pt
Yb,Ni,H
K,W,O
Sn,C,Y
U,Ir,Si
Tb,Ir,Si
Sm,Ir,Si
Th,Ru,Si
Ba,Pt,Si
La,Rh,Si
Mg,Fe,O
Rb,Ta,O
Na,Cr,O
Al,N,Sm
V,Te,O
Nb,O,F
Ac,Pd,O
Ac,V,O
B,Sb,O
Ba,Au,O
Be,Bi,O
Ba,Zn,O
Be,Os,O
Be,In,O
Bi,Mo,O
Cs,Na,O
Cs,Sm,O
Er,Al,O
Eu,Hg,O
Ho,Rh,O
K,Pb,O
K,Li,O
K,Lu,O
K,Gd,O
Li,Nd,O
Li,Gd,O
Cs,Tl,O
Mg,U,O
Mg,Mo,O
Nb,Fe,O
Np,Ru,O
Pa,Hg,O
Sr,W,O
Tl,Ga,O
Yb,W,O
Yb,Cr,O
Yb,Nb,O
Tm,Ge,O
U,Pd,O
U,Be,O
U,Tc,O
Ce,C,Ru
Al,C,Yb
Rb,Fe,Cl
Al,N,Fe
Sb,N,Mn
Co,Ag,F
Nb,B,Rh
Ca,Ni,H
Rb,Ca,Br
As,N,Mn
K,Cd,N
Yb,Cu,Ga
Y,Cu,Ga
La,Cu,Ga
Cl,O,K
Ge,Sb,Te
Ce,Pd,Al
Ce,Cu,Al
Ba,Zn,In
Ba,Bi,O
Sn,C,Sc
Sm,Cr,O
In,C,Pr
Pb,C,Dy
Pb,O,Sr
Sn,C,Mn
In,O,Pr
In,N,Ti
Cr,Pb,O
Tl,N,Nd
Sr,Li,H
Cs,Sn,Br
Br,O,K
I,O,K
Sr,Pd,Sn
In,N,Ho
In,N,Er
Yb,B,Rh
Ho,B,Pd
Er,B,Rh
K,Nb,O
Tl,C,Ti
Ir,N,Cr
K,Nb,O
Tb,C,Rh
Li,U,O
Sr,Sn,O
Cs,Yb,Br
Cs,Cd,Br
Fe,Bi,O
Sr,Nb,O
Tl,C,Pr
As,N,Ca
Eu,Hf,O
Eu,V,O
Ba,Th,O
Na,Pa,O
K,Pd,F
Lu,U,O
Eu,Ni,Ge
Rb,Li,O
Ni,Ru,O
Pa,Ag,O
Tb,Ge,O
Nd,Ga,O
Be,Ga,O
Cs,Mg,O
La,W,N
La,Re,N
Ba,Hf,S
Cs,Se,Br
Y,W,O
Y,Ag,O
Eu,Fe,O
La,Co,N
As,C,Cr
V,B,O
Cl,O,K
La,Al,O
Cs,In,F
Rb,Pb,F
Cs,Pb,F
Mn,Cu,O
Li,Mn,F
Si,P,N
La,Mn,O
K,Ag,Br
Tl,Ni,O
Na,Fe,F
Ce,Pd,Sb
Sm,Mg,Se
Ge,Cl,H
Cs,P,S
Mg,Si,O
Sr,Hf,O
Al,B,O
La,Ga,O
Nd,Lu,S
Ni,P,S
Ag,As,O
Sm,Mg,S
Mg,P,Se
Li,V,F
Yb,Nd,S
Mg,Sn,O
K,Cr,F
Sr,Mo,O
Dy,Mo,B
P,N,Cr
Ca,Tl,I
Mn,Sn,O
Li,Ta,O
Ga,B,O
Na,Cd,F
Ba,V,Se
Ca,In,I
La,Al,O
Bi,Sb,O
Mg,C,O
K,Ge,Br
Al,S,Br
K,Tl,Br
Ce,Mg,Se
Ca,Pt,O
K,Mn,F
Li,Fe,F
Li,Cu,F
Ca,Sn,S
Zr,Mn,O
Yb,Pr,S
Yb,Pr,Se
Al,Co,O
Yb,Nd,Se
Mg,C,O
Ba,Tb,O
Ba,C,O
V,O,F
Y,B,O
Cs,Tl,I
Mg,In,S
Ho,B,O
Li,Fe,O
La,Co,O
Al,N,Zr
Sr,Ti,O
Hg,Bi,O
Yb,Ce,S
Ho,Mg,Se
Rb,In,I
Rb,Sr,Cl
S,Br,Ag
Zn,N,Zr
Zn,Si,O
Zn,Pb,O
P,N,V
Al,N,Hf
Ni,P,Se
La,I,O
Sr,Zr,O
Sn,N,F
Ba,Cl,O
Dy,Ni,Ge
Zn,Sn,S
Cu,Ge,I
Ca,Sn,S
Yb,Bi,O
K,In,Cl
Rb,Tl,I
Rb,In,Br
Li,V,O
Al,Cu,O
Tl,Sn,I
Cs,Tm,Br
Sr,Rh,O
Pm,Mg,S
Dy,Mg,Se
V,Ni,O
Cu,Si,O
La,Mn,O
Ba,Pb,O
Ba,Pb,O
Ag,Bi,O
Na,Mn,Cl
C,Cl,F
Ba,Tb,O
La,Ga,O
Ca,Ti,O
Li,Ta,O
Cd,C,O
Na,Nb,O
Na,N,O
Sr,Co,O
Mn,Cl,O
Fe,Bi,O
Sr,Hf,O
Fe,Bi,O
K,Cr,F
Cs,Ag,F
Cs,Au,Se
In,Si,Te
Rb,Cr,Cl
Ta,Ag,S
K,Cu,F
Cs,Hg,Cl
Ba,Se,O
Ba,Nd,O
Er,Bi,O
La,Bi,O
Li,Nb,O
Ag,Sn,O
Lu,B,O
Ba,C,O
Li,Sb,O
La,Yb,S
Tl,P,S
Ge,O,Yb
Mn,P,Se
Sc,B,O
La,Mo,N
La,W,N
Ca,Mo,N
Rb,Ca,Cl
Cs,Sr,Cl
K,Ca,Br
Sr,Zr,O
Zn,Ge,O
Na,Ni,F
Li,Nb,O
Eu,Pd,Ga
Pr,Lu,S
Tm,Ni,Ge
Li,Be,H
Ge,N,V
Li,Ca,H
Sr,Pd,Ga
Tb,Ga,O
Sc,Ti,O
Sn,Ge,O
K,In,Br
Cs,In,Cl
Cs,Pb,Br
Rb,In,H
Li,Mn,F
Cu,As,O
Cs,As,O
K,Mn,F
N,Cl,C
Ho,Mo,B
Yb,In,Br
K,P,O
Ho,Mg,S
Dy,Mg,S
Ce,Mg,S
Lu,Mg,Se
Pm,Mg,Se
Na,Mg,F
Pr,Ni,Ge
Ge,O,Ca
Fe,C,O
Ti,Fe,O
Cr,B,O
Mn,Co,O
Pb,Se,O
Pb,S,O
Ga,C,Mn
Cs,I,O
Zn,P,S
Ce,Al,O
Sr,C,O
Na,Sb,O
Sr,Zr,O
Er,Mo,B
Ba,Te,O
Nb,O,I
Ta,Ag,S
K,Tm,I
Ge,N,Cr
Ba,Pr,O
Ba,Pr,O
In,B,O
Sc,U,S
Li,V,F
Li,V,F
Yb,Ti,O
Sc,Bi,O
Li,Fe,F
Cs,Cl,O
Mn,Ag,O
Li,Fe,F
Li,Ag,F
Er,B,O
Mn,Tl,O
Nd,Zr,O
Li,Fe,F
Ca,Bi,O
Rb,Cu,F
Y,W,N
La,W,N
La,Mo,N
La,Re,N
La,Mn,N
La,Tc,N
Ca,W,N
La,W,N
In,Pb,Cl
K,Co,Cl
Ba,Zr,O
C,Br,H
La,Fe,O
Ca,Rh,O
Er,Ni,Ge
Mn,N,F
Nd,Ni,Ge
I,N,C
Gd,Ni,Ge
Th,Ta,N
Lu,Ni,Ge
Sn,P,S
Cu,C,O
N,Cl,C
K,Cu,F
Ca,B,O
Tb,Ni,Ge
Ce,Lu,S
Cs,In,I
K,Cu,H
Rb,Bi,F
Th,Mn,Se
Ba,Sn,O
K,Cr,F
Co,C,O
K,Sr,I
Ce,Lu,S
Rb,Sm,I
In,Ga,S
La,Mg,Se
Er,Mg,Se
Er,Mg,S
Nd,Mg,Se
Pr,Mg,S
Tm,Mg,S
Sb,N,Zn
Sr,Co,O
La,Mn,O
Zn,Sn,O
Rb,N,O
Fe,B,O
Pr,Ni,O
Mn,Sn,O
Cu,Ge,O
Co,C,O
Cs,N,O
Fe,Bi,O
Na,Bi,O
Cs,Cr,Cl
Zr,Ni,H
Ge,C,Cr
Mg,Ge,O
Al,Si,Te
Ba,C,O
La,Cu,O
K,Cu,F
Ca,C,O
Ca,Sn,O
Ba,V,S
Ca,Ti,O
Cs,Au,Br
Ba,Tb,O
Ba,C,O
Ca,C,O
Li,N,O
Mg,Fe,O
Ga,Bi,O
V,O,F
Pd,O,Ti
Lu,B,O
Sm,B,O
Tm,B,O
Lu,Bi,O
Ti,Al,O
Sc,Ag,O
Li,Fe,F
Li,Mn,F
Cd,Ge,O
Y,Ni,Ge
Ca,Sn,S
Ta,Ag,O
Ca,Mo,N
La,Os,N
Ca,Tc,N
In,Sn,Br
Rb,Os,O
Rb,Pb,Br
Rb,Tl,Br
Tl,Ge,F
Tl,Ag,Cl
Rb,In,Cl
Cs,Pb,Br
Zn,N,Ti
Y,Ni,Si
Fe,Bi,O
Cs,Tl,F
Eu,Nb,O
Li,Os,O
Ti,Zn,O
Eu,H,O
Na,Ca,H
Ga,N,V
Sr,Tc,O
Nb,Cr,N
U,Fe,Se
Ho,Ni,Ge
Sn,P,S
Ca,Sn,S
K,Tl,F
Cs,Tl,Br
Rb,In,Cl
Rb,Tl,Cl
La,Yb,Se
Th,Ta,N
Si,O,Ca
K,Mn,F
Ge,N,Mn
K,Ca,I
Rb,Sr,I
K,Yb,I
Pr,Lu,S
Nb,Ag,O
Pr,Mg,Se
Tb,Mg,S
Yb,Mg,S
Y,Mg,Se
Yb,Mg,Se
Tb,Mg,Se
Nb,W,N
La,Co,O
Cs,Pb,Cl
Mn,Ni,O
Ce,Al,O
In,Ga,S
U,Mn,Se
Ba,Pb,O
As,N,Cr
Ge,C,Mn
Ba,Bi,O
K,Cl,O
Cs,Au,I
Hg,As,O
Sc,Ni,Si
Rb,N,O
Ag,P,S
K,Cu,F
Rb,P,S
Rb,Au,I
Nd,Al,O
Mg,P,S
La,B,O
Li,Fe,O
Dy,B,O
Pr,Ti,O
Cd,Sn,O
Er,Bi,O
Zr,Mn,O
Tl,Co,O
Li,Sb,O
Li,Mn,F
Sr,Ni,O
Y,Bi,O
La,Bi,O
Fe,Ni,O
Cd,Co,O
Rb,Ag,F
Ag,Ge,O
Li,U,O
Li,Re,O
K,P,S
Sm,Ni,Ge
La,Mn,N
Rb,Se,Br
Cu,Ag,F
Ni,Ag,F
Na,Os,O
Sm,Ni,Si
P,C,Cr
In,Bi,S
Cs,Dy,Br
Eu,Ti,O
K,I,O
P,C,V
Cd,N,Cl
Cu,Pb,Br
K,Tl,Cl
Rb,Tl,F
Rb,In,F
Li,Fe,F
Ag,Pb,O
Fe,Bi,O
Zr,Co,H
Ca,Tl,Br
Cs,Sm,I
Rb,Dy,I
Sr,Rh,O
Ti,Ge,Al
Sn,H,Nb
Ba,In,O
Mg,Sc,S
Mg,In,Se
Sr,Sn,O
Mn,Ge,O
U,Fe,S
Cs,Au,Cl
Rb,Ge,Cl
As,C,V
Fe,P,Se
Ba,V,S
K,N,O
Mg,Ti,O
Ce,Al,O
Ca,Ir,O
Na,Nb,O
Ba,Ce,O
Cd,P,S
K,Sb,O
Al,Bi,O
Li,Nb,O
La,Ga,O
Cs,Sn,I
Mn,C,O
Li,Ag,F
Li,Mn,F
Li,Mn,F
Ho,B,O
Zn,Fe,O
Zn,Co,O
Ag,Ge,O
Tb,Ni,O
Cs,Cl,O
Ta,Fe,Te
Li,As,O
Zn,C,O
Sr,Tc,N
Y,W,N
Ba,W,N
La,Os,N
Ti,Re,N
In,Ge,Cl
Ca,Tl,F
Na,Mo,O
Tl,Ge,Cl
Zn,N,Hf
Li,Os,O
Na,Co,F
Ni,Pb,O
Sr,Ge,Au
La,As,O
Ge,C,V
Mg,V,O
Cd,P,Se
Cd,N,Cl
Cr,P,Se
K,Tl,I
Cs,Tl,Cl
Rb,Ge,Br
Lu,Bi,O
Mn,N,F
La,Co,O
La,Co,O
La,Mn,O
Cs,Sr,Cl
Ti,V,O
Ti,Mo,S
Lu,B,O
Tm,Mg,Se
Rb,Cu,Cl
Sn,N,F
Y,Mg,S
Er,Ni,Si
La,Mg,S
La,Mn,O
Sr,Hf,O
Ti,Cd,O
Zn,Sn,O
Sr,Mo,O
Ni,O,Zr
Yb,Ce,Se
Ba,Bi,O
Ca,In,Br
Cs,Ag,Cl
Tl,B,Se
Ba,Ce,O
Ca,Si,O
Ca,Si,O
Sr,Se,O
Mg,Si,O
Pd,Se,O
Rb,P,O
Ba,Cl,N
Rb,Pb,F
Ti,Sn,O
Ho,Bi,O
Na,Fe,O
Dy,Al,O
Eu,Se,O
Cd,Bi,O
Ti,V,O
Li,V,O
Ba,S,O
Mg,Mn,O
Sm,Cu,O
Ag,Bi,O
Hf,Sn,O
Li,Fe,F
Li,N,O
Mn,P,S
Sr,W,N
Sr,Tc,N
Cs,Se,Br
Cs,Sn,F
Li,Sn,Cl
Tl,Ag,Br
Rb,Sn,Cl
K,Ge,Cl
Ce,As,O
Sr,Mo,O
Sn,N,F
Sr,Ru,O
Cs,Sr,I
Nd,Lu,S
Sn,P,O
K,In,I
K,In,F
Na,C,O
S,I,Ag
Li,Mn,F
Ho,Bi,O
Co,Ni,O
Mn,C,O
K,Cr,F
Ba,Cl,O
Er,Co,Si
La,B,Ni
K,Dy,I
Yb,Tl,Br
Yb,B,O
V,Cr,O
Nb,Mo,Se
Gd,B,O
Eu,B,O
Mg,Sc,Se
Mg,Sc,Se
Sb,N,Pb
Sb,N,Fe
Fe,Ni,O
Pr,Lu,Se
Nd,Lu,Se
Sn,Hg,O
La,Ni,O
V,Pb,O
Ce,B,O
Ba,Bi,O
Fe,Bi,O
Li,Mg,H
Cs,Be,H
Rb,Au,Br
Tl,Sb,O
Sr,C,O
Sr,Ru,O
Pr,Al,O
Mg,Ge,O
Cr,Si,Te
Sr,Ru,O
Na,Ta,O
Yb,B,O
Pa,O,Br
Cr,Bi,O
Pd,Se,O
Fe,Bi,O
Ca,C,O
Ba,C,O
Cs,Pb,Cl
S,I,Ag
Cd,Ge,O
Y,Bi,O
Mn,Zn,O
Tm,Bi,O
Lu,Al,O
Li,Fe,F
Tm,Bi,O
Li,Ni,F
Ti,Hg,O
Mn,B,O
Mg,Co,O
La,Ag,O
Cu,As,O
Ag,B,O
Ti,Ni,O
Si,O,Yb
Cd,P,S
Ti,B,O
La,Tc,N
La,Mo,N
Y,W,N
Y,Re,N
Ca,Mo,N
Ni,Bi,O
In,Sn,Cl
Rb,Pb,Cl
Rb,Sn,F
K,Ag,Cl
Rb,In,Br
V,Co,B
C,Cl,H
Na,Nb,O
Ce,Pd,Ga
Cr,Fe,O
V,P,S
Ca,Ir,O
As,N,V
Na,Ir,O
K,Sn,N
La,Al,O
Nb,O,F
Ga,Cu,Br
Sc,Bi,O
Cs,In,Br
Rb,Tl,Br
Yb,Sm,Se
I,N,C
Cs,Ca,Cl
Nb,Mo,S
Mo,H,O
Sr,Sn,O
Ti,Zn,O
Mn,C,O
Ti,Fe,O
Ti,Mn,O
Ni,C,O
La,Cr,O
Ca,Ir,O
Tl,Pb,I
Ca,C,O
Li,Nb,O
Sr,Ti,O
V,Cu,O
Ca,Si,O
Cr,Ge,Te
Ge,Pd,S
Mg,V,O
Co,Bi,O
Ag,Sb,O
Ag,N,O
Nb,Ag,O
Co,P,S
Rb,Cr,I
Ag,C,O
Co,Ag,O
Li,V,O
Ca,Ti,O
V,O,F
Y,Al,O
Li,Fe,F
Ti,Ge,O
V,O,F
Zn,Ge,O
Ca,Sn,S
Ca,Sn,S
La,W,N
Sr,Tc,N
Y,W,N
La,Os,N
Y,W,N
K,Cr,Cl
Mg,Ag,F
K,Ca,Cl
Cs,Sr,Br
Zn,Ag,F
Ca,Tc,O
Rb,Sr,Cl
Ca,Tl,Cl
Zn,Mo,O
U,Co,S
Mg,Ge,O
Nb,Te,I
Tb,C,O
K,I,O
Li,Fe,F
Mn,Tl,O
Nd,Cr,S
Sc,Co,O
Mg,Se,O
Li,V,O
Mg,Si,O
Ti,Mn,O
Ca,Sn,S
Pb,C,O
Li,Sb,O
V,O,F
Ho,Ni,O
Dy,Ga,Se
Y,Co,O
Y,Co,O
Ca,Si,O
Li,Fe,F
Al,V,O
Tm,Co,O
Rb,Yb,I
Gd,Sc,O
Li,V,F
Pr,Cr,O
Y,Th,C
La,Lu,O
Lu,Sc,O
Rb,Cr,Cl
Cl,O,Rb
Sr,Cr,O
Rb,Ca,Br
Cr,Sb,Se
Na,Ta,O
Bi,Pt,Pb
Eu,Np,O
Na,V,O
Sc,Bi,O
Eu,Hf,S
Y,V,O
La,Ga,O
Sb,H,O
Pb,C,O
Rb,Ge,Cl
Sm,Cr,Sb
La,Ru,O
Sr,Mn,O
Cu,P,S
Ba,Th,O
Cr,In,Br
Li,Fe,F
Pr,Cr,Se
Eu,Ni,O
Al,Sn,O
U,Ru,S
Cs,Sn,F
Mn,Pb,O
Cs,Be,F
Na,Sb,O
O,F,H
Br,N,O
Mg,Fe,O
Ta,Cu,O
Ca,Sn,S
Gd,Ga,O
Ge,Ir,Mn
Na,Ta,O
Cl,O,K
Ti,Fe,O
Rb,Ta,O
Eu,P,Se
Cs,V,O
Te,Pb,O
Sr,Zr,S
Ni,Sn,O
K,N,O
K,V,O
Na,Br,O
V,Ag,O
Mn,Ge,O
La,Mn,O
Sb,As,O
Nd,V,Sb
Al,Tl,O
Sr,Ni,O
Nd,B,S
Sm,Y,O
Hf,Cr,O
Eu,Zr,O
Cs,Ca,I
Tm,V,O
Ho,Bi,O
La,Cr,Se
Yb,Gd,S
Mg,V,O
K,Ba,N
Al,V,O
Ca,Mo,O
Sm,Rh,O
Gd,Sc,S
Er,Al,O
Yb,C,O
Co,Sn,O
Eu,C,O
Cr,Bi,O
Tb,Er,O
Na,Ca,N
La,Mn,O
Ba,Ge,O
Ce,Cr,Se
Na,Nb,O
K,Be,H
Y,Sb,O
Tl,Hg,Cl
Mn,Te,O
Ge,O,Ba
Sm,Fe,O
Na,Zn,F
Ta,Tl,S
V,Cu,O
Ti,Ge,S
Cd,N,F
Th,Ta,N
U,Cr,Se
Mn,V,O
Na,V,F
Li,Mn,F
C,I,H
Ba,Sn,S
Sm,Al,O
Tb,Sc,S
Co,Bi,O
Th,Cr,Se
C,Cl,N
Ca,B,O
Pr,V,Sb
Pr,Cr,Sb
K,Tm,Br
La,V,Sb
Eu,Ga,O
Eu,Co,O
Er,Ga,O
Cs,Eu,Cl
Ce,Pb,O
Au,N,I
Yb,Gd,S
Tb,U,Te
La,Mn,O
Sr,Co,O
La,Tm,O
Ti,Cd,O
Nb,Cu,O
Ti,Ni,O
Sc,Cr,O
Ho,Fe,O
Ca,Cr,O
Ce,B,O
Ti,Cd,O
Ca,Ru,O
La,Yb,S
Ce,Cr,S
Pr,Lu,O
Tb,Mn,O
Cu,Se,O
Sr,Ce,O
Cs,Sn,I
K,Cu,Cl
Ag,Cl,O
Si,F,H
Si,I,H
La,Au,O
Si,O,Sr
Ta,Cu,S
Nd,Ti,O
Cr,O,F
Ba,U,O
Ba,U,S
Sr,C,O
Y,Ni,Al
As,N,Ca
Y,Ti,O
Ca,Sn,O
Pr,Ga,O
Nd,Rh,O
Ca,C,O
La,Rh,O
Na,V,O
K,Mn,F
P,O,Br
In,Bi,O
Rb,Ge,I
Tb,Rh,O
Mn,Tl,Cl
Cs,Si,Te
Cs,B,Se
Na,Br,O
Cs,Eu,Br
K,Ca,F
La,Mn,O
Fe,Bi,O
Sr,P,Se
Ba,Si,O
Sm,In,O
Yb,Sm,O
Co,Sn,O
W,O,F
Nb,O,F
Gd,As,O
Li,Fe,F
N,Cl,O
Nd,In,O
Ho,Ti,O
Ca,Bi,O
Sc,Bi,O
Nd,Zr,O
V,Bi,O
Gd,Lu,O
Zr,Co,O
Li,Mn,F
Cd,Co,O
Sn,B,O
Ag,Cl,O
Al,Bi,O
Ce,Ni,O
Sm,Tm,O
Li,V,F
Y,Sc,S
Ca,Ge,O
Ca,Sn,S
Re,Cl,O
Ti,P,N
Sr,Tc,N
La,W,N
La,Mo,N
Ba,Zr,Se
Zn,Fe,O
Al,Ni,O
Ca,Sb,O
Ca,Ni,O
Zn,Cr,O
K,Sn,I
Tm,In,O
Cu,N,Cl
Nd,Sc,S
S,Br,Ag
Eu,Zr,Se
Mn,Bi,O
Tm,Ni,O
Li,Fe,F
V,N,O
Mg,Si,O
Na,Cl,O
Si,O,Ca
Sn,Pb,S
Sm,V,O
U,V,Se
Sr,Tc,O
Cs,Al,Te
Th,Cr,S
Au,N,Cl
Mn,N,Cl
Ta,Tl,Se
Ca,Ti,O
Yb,Ce,O
Rb,Dy,Br
Li,Se,O
Cs,Sr,Cl
Ce,Lu,O
Ce,Rh,O
La,Co,O
Ca,Fe,O
Sr,Ni,O
Ba,Co,O
Sr,Ni,O
Ho,V,O
Rb,V,O
Ca,Mn,O
Y,Ni,O
Er,Mn,O
Lu,Ni,O
Ti,Co,O
Yb,Fe,O
Tb,Fe,O
P,Pb,Se
Pb,S,O
Ce,Sc,S
Lu,Mn,O
In,Sb,S
Pr,Fe,O
Lu,Fe,O
Nd,Co,O
Ba,Pr,O
V,O,Cl
Rb,Cd,Cl
Cr,Bi,O
Mn,Bi,O
Mo,O,Cl
H,I,O
Ba,Te,S
Nb,Te,Br
Tl,Cd,Cl
Li,Ga,Br
C,F,Br
Mn,Tl,Cl
Sm,Sc,O
Ca,Ti,O
Zn,Se,O
Ca,Si,O
Ca,Nb,O
Tl,Fe,Br
Ba,Pu,O
Na,Fe,F
Cs,Ga,Se
Cs,Pb,I
Nd,V,O
Gd,V,O
Nb,Se,I
V,O,F
Nb,O,Cl
Ga,Bi,O
Na,Nb,O
K,Mn,Cl
V,Ag,O
Nd,B,O
V,O,F
V,O,F
V,Si,O
I,N,O
Zr,Cr,O
V,Ge,O
Tm,Ti,O
Zr,Pb,O
Tb,Ni,O
Tb,Cr,O
La,Dy,O
Sm,Dy,O
Sb,O,F
Li,Mn,F
V,O,F
V,O,F
Cu,C,O
Nb,O,F
Tb,In,O
Al,Fe,O
Li,Fe,F
Er,Lu,O
La,Sm,O
Cd,S,O
Rb,P,O
Cd,Se,O
Sr,Te,O
Sr,P,S
La,Os,N
La,Tc,N
Ba,Hf,S
Y,Mo,O
Y,Sn,O
Al,Co,O
Mn,Al,O
Mg,Ti,O
Ce,Ga,O
Rb,B,Se
Ba,P,Se
Sr,Os,O
Al,In,O
P,N,O
Mn,N,F
I,N,O
Be,N,F
Ca,Tc,O
Eu,Cr,O
Pr,Sc,S
Ca,Hf,S
Sr,Sn,S
Yb,Ga,O
Th,Cr,Sb
Sr,Rh,O
Sm,V,Sb
Sm,Ni,Al
Rb,Dy,I
Pu,Cr,O
Ni,Te,O
Si,Ni,Mn
K,Dy,Br
In,Rh,O
Er,Sc,O
Cs,Tm,I
Sm,Gd,S
La,Sb,Se
Sb,N,Cd
Al,Fe,O
La,Mn,O
Sr,Ni,O
La,Ni,O
Mn,Si,O
Sn,P,S
K,P,O
Tl,Ni,O
Ca,Fe,O
Nd,Cr,O
La,Cr,O
Na,Sb,O
Nd,Fe,O
Y,Mn,O
Cu,Te,O
U,Rh,S
Nd,Ni,O
Sr,Ru,O
Eu,Sc,O
Sm,Ni,O
Yb,Mn,O
Li,I,O
K,Fe,Br
Mn,Tl,I
Li,Be,H
Ni,Bi,O
Cu,Br,Se
Sr,Bi,O
Rb,Sn,I
Nd,Sc,O
Sr,Hf,O
Ce,Sb,O
Ca,Si,O
Tb,Al,O
Na,Nb,O
Pr,Rh,O
Cs,Dy,I
Sr,Zr,Se
Lu,Co,O
Na,Cl,O
Hg,Se,O
Ge,O,Yb
Li,As,O
Cs,Pb,Br
Cs,Sn,I
Sn,P,Se
Na,U,O
Gd,Fe,O
Nb,O,Br
Hg,P,Se
Sc,Tl,O
Li,Fe,O
Li,Ag,F
Y,Tm,O
Sc,Co,O
Er,In,O
Lu,Ti,O
Tm,Ga,O
Li,Mn,F
Yb,C,O
Lu,Ga,O
Li,Fe,F
Tb,Sm,O
Li,Mn,F
Tb,Gd,O
Tl,Ga,O
Li,Fe,O
V,O,F
Tb,Ti,O
Mg,Sn,O
Mg,Mn,O
Mn,Zn,O
Li,Mn,F
Ce,Al,O
Li,Mn,F
Ho,In,O
Li,Mn,F
Li,V,F
La,B,O
Fe,B,O
Cd,Sn,O
Ca,Sn,S
Tb,B,S
Ca,Tc,N
Y,Tc,N
Cs,Sc,Br
Tl,Ge,Br
Ca,W,O
Ca,P,Se
Sm,Lu,O
K,Ca,H
La,In,O
Co,Pb,O
V,Ag,O
Sr,Ru,O
Mn,C,O
Mn,N,F
Ca,Si,O
Dy,Sc,S
Cs,Yb,I
Sc,Rh,O
Yb,Al,O
Nd,Mn,O
Yb,Rh,O
Y,Rh,O
V,Sn,O
Sr,Hf,S
Sm,Lu,Se
Pu,V,O
Nd,Cr,Sb
K,Yb,Br
K,Ca,Cl
Hf,Cd,O
Gd,In,O
Dy,Cr,Sb
Er,Rh,O
Cs,P,O
Ba,Sr,Bi
Pu,U,C
La,Y,C
Ho,U,Te
Ca,Fe,O
Mg,Fe,O
Yb,Ni,O
La,V,O
Tb,Co,O
La,Cr,Sb
Ba,Tb,O
Y,Fe,O
Eu,Al,O
Sr,Tb,O
U,Cr,S
Ho,Mn,O
Dy,Co,O
Pr,Ni,O
Sm,Ti,O
Co,Se,O
Rb,Cu,Cl
Nb,Se,Br
Ni,Bi,O
K,Fe,Cl
Tl,Cd,I
W,O,I
K,Si,H
Mg,In,Br
La,Sc,O
Nd,Ga,O
Ta,H,O
Sc,Al,O
Ho,Al,O
Cd,In,Br
Gd,Ti,O
Tm,Mn,O
Sr,Se,O
Ca,Ir,O
K,Cl,O
V,Cd,O
Cu,Te,O
Ba,Bi,O
Na,Ni,F
Er,Co,O
Rb,Cu,Cl
Fe,P,S
Sr,Ru,O
N,O,H
Cs,Ta,Se
Sm,Al,O
Li,Sb,O
V,O,F
Zn,Co,O
Hf,Co,O
P,O,Cl
Yb,Ti,O
Lu,Tl,O
Y,Er,O
In,Co,O
Zn,Fe,O
Lu,Al,O
Li,Fe,F
V,Ga,O
Ti,Cr,O
Mg,Co,O
Rb,Nb,O
Mg,Co,O
Er,Ti,O
Li,Ag,F
Ho,Cr,O
V,O,F
Sb,O,F
Ho,Lu,O
Sm,Cu,O
Cs,As,O
Tm,Cr,O
Li,V,F
Cr,Sb,S
Li,Be,H
La,Re,N
La,Os,N
Eu,Cu,O
Mg,Sb,O
Y,Cu,O
Mg,Fe,O
Al,Mo,O
Zn,Sb,O
Mg,Cr,O
Ca,Co,O
Tm,Tl,O
Na,Os,O
Mn,Bi,O
Cd,N,Cl
In,Rh,O
K,C,O
Fe,Sn,O
Dy,In,O
P,O,Br
Er,Ni,O
Eu,Zr,S
K,Hg,I
Sr,Ru,O
Yb,Pr,O
Rb,Tm,I
Rb,Ca,Br
Pr,V,O
La,V,S
La,Ti,S
K,Ca,Br
Si,Ni,Fe
Dy,Rh,O
Eu,U,O
Bi,Au,Pb
Bi,Sb,S
Sb,N,Co
K,Fe,I
Al,Ag,O
La,Mn,O
Cd,Fe,O
Sm,Cr,S
Co,Te,O
Li,V,O
Eu,Rh,O
Ti,Fe,O
Pr,Co,O
Ni,Se,O
Sr,Pr,O
Ce,Dy,S
Nd,Mn,O
Na,Co,F
Tl,V,O
Fe,Ge,O
Na,I,O
K,Mn,Cl
Tl,Fe,I
K,Cd,Cl
P,O,Cl
Cs,Sn,Cl
K,Tc,Cl
Rb,Ge,Br
Mn,In,Br
Tl,Ge,I
Li,Ga,I
Cs,Pd,Cl
Tb,Sc,O
Sr,Zr,O
Ca,Zr,O
Sn,Pb,O
Al,Si,P
Ba,V,S
Ba,C,O
Cu,Ge,O
Tc,F,O
Si,O,Yb
Zn,Si,O
La,Mn,O
Rb,Cr,Cl
Nb,Se,Cl
Ag,I,Te
Bi,Rh,O
K,Ca,F
Mg,Si,O
Mg,Si,O
Na,Cl,O
K,N,O
Yb,Co,O
Li,Cu,F
Hf,Fe,O
La,Er,O
Sc,Ti,O
Sm,Tl,O
Li,Te,O
Pr,Hf,O
Lu,Cr,O
Hf,Pb,O
Tm,Al,O
Tl,Co,O
Dy,Lu,O
Dy,Al,O
Ta,Tl,O
Nb,O,F
W,O,F
La,Ho,O
V,Cr,O
Ag,Cl,O
Li,Fe,F
Ag,Ge,O
Ce,Cr,O
Ca,Sn,S
Cr,Ga,Se
Rb,Be,H
Ba,W,N
Y,Re,N
Ba,Re,N
Cs,Ca,I
Rb,Sn,Br
Ca,V,O
Y,Ag,O
Al,Cu,O
Ti,Zn,O
Al,Sb,O
Ca,Sb,O
La,Y,O
Y,Lu,O
Li,Ta,O
Li,Ta,O
Ba,Hf,S
Na,Nb,O
Sm,Cr,O
Sc,Mn,O
Lu,Ni,O
Ca,N,Cl
La,Lu,S
Cs,Pb,I
Ho,Tm,O
Eu,V,O
Ca,Bi,O
Zn,Si,O
La,Ga,O
K,Mn,F
Ca,Rh,O
U,Ni,Se
La,Yb,S
Ce,B,S
Ho,Sc,S
Er,Sc,S
Nb,Ag,O
Lu,Rh,O
Mn,Te,O
K,Pb,I
Be,N,F
Sm,Bi,S
La,Lu,C
Al,Fe,O
Al,Sb,O
Mn,B,O
Cd,Ge,O
La,Pd,O
La,Mn,O
Fe,Si,O
Dy,Ni,O
Ti,Mn,O
Dy,Cr,O
Sm,Co,O
Ca,Pb,O
Eu,P,S
Zr,Pb,S
Si,Ir,Mn
Eu,Mn,O
Tm,Fe,O
Co,Ge,O
Sm,Mn,O
La,Fe,O
Dy,V,O
Na,Mg,H
Mg,V,O
Rb,Cd,Br
Nb,O,Cl
Hg,Br,O
Na,Mg,F
K,Mn,Br
As,O,Cl
Ge,O,Sr
Dy,Sc,O
Ba,Ce,O
Rb,P,O
Mg,Si,O
Na,Cu,F
Tl,Fe,O
K,N,O
Gd,Al,O
Sc,Bi,O
W,O,Cl
In,Bi,O
Tl,Sb,O
Ca,Se,O
Pr,Sc,O
Sr,Mn,O
Na,Mn,F
Cs,Ga,S
Cs,Pb,Br
Cs,Cr,I
La,Fe,O
Na,Hg,Cl
In,Fe,Br
Ge,Pb,S
Sb,H,O
K,Cu,Cl
Ca,C,O
Sn,P,Se
Li,Ti,Cl
Os,Pb,O
Yb,V,O
Ag,Au,O
Na,Sb,O
V,O,F
Li,Ag,F
Li,V,F
Hf,Fe,O
Sm,Er,O
Hf,Mn,O
Y,Sc,O
As,Au,O
Ho,Ga,O
Cl,O,Rb
Cr,In,O
Al,Ga,O
Ca,Pr,O
Tb,Tm,O
Al,Co,O
Li,Nb,O
Li,Cu,F
V,O,F
Li,Mn,F
Li,Mn,F
Na,V,O
Li,Mn,F
Al,Pd,O
Ag,Ru,O
Cd,Fe,O
Ca,Zr,S
Nd,Cr,Se
Ca,Sn,S
Ca,Re,N
La,Cr,N
Y,W,N
La,Ta,N
Rb,Ca,I
Cs,Na,F
Ca,Bi,O
Zn,Bi,O
Zn,W,O
K,N,O
Sr,Nb,O
Hg,Se,O
Cs,Ba,I
Na,V,O
K,C,O
Si,O,Ca
Li,Mn,F
Li,Mn,F
Li,Fe,F
Al,Fe,O
Dy,V,Sb
Sn,Au,Cu
Nd,Mn,O
La,Co,O
Sm,Sc,S
Na,P,S
Na,Nb,O
S,N,F
Rb,Tm,I
Nd,Lu,O
Mg,Tl,Cl
In,Sb,Se
Ho,Rh,O
Cs,Sr,Br
Cs,P,O
Cs,Pt,Br
Ce,Tm,O
Ce,Cr,Sb
Yb,Dy,S
Bi,Sb,Se
Mn,C,O
Cd,Fe,O
Zr,Sn,S
Y,Cr,O
Ce,V,O
Tm,Ni,O
Er,Cr,O
Er,V,O
Yb,Cr,Sb
Er,Fe,O
P,Pb,S
Sr,Pb,O
Ho,Co,O
U,Pd,Se
La,Ti,O
Hf,Pb,S
La,Yb,O
Pr,Mn,O
Ca,V,O
V,Cd,O
Cs,Cu,Br
Rb,Cr,I
K,Mg,Cl
K,In,Br
Tl,B,S
Cd,Ge,O
K,Au,I
Bi,B,O
Y,Al,O
Sn,P,S
Sr,Hf,O
Sn,Ge,S
Eu,Fe,O
Ti,Cd,O
Gd,Ni,O
Ag,Sb,O
Tb,V,O
Ca,C,O
Na,I,O
I,O,F
K,Mn,F
Ag,Te,O
Ca,Mo,O
V,H,O
K,Mn,F
Tc,Pb,O
Ba,Fe,O
Co,Ag,O
Bi,O,F
Mn,Tl,O
Ca,Se,O
Tb,Lu,O
Sc,Ga,O
Na,Ta,O
Si,O,Ba
Co,Pb,O
Lu,V,O
Gd,Tm,O
Ce,Fe,O
Ca,Ce,O
Zr,Co,O
Li,Mn,F
Li,Mn,F
V,O,F
Co,B,O
Sc,Fe,O
Ag,As,O
Ag,Au,O
Ag,Pd,O
Al,Cu,O
Ce,Sc,O
Li,V,F
Yb,Hf,O
Pr,B,O
Ca,Sn,S
Rb,B,S
Hg,Se,O
Cs,Te,Se
K,Cd,F
Sr,Re,N
Al,Cr,O
Y,W,O
Mg,Sb,O
Mg,Mo,O
Y,Bi,O
Al,Ag,O
Al,W,O
Zn,Ni,O
Mg,W,O
La,Cr,S
K,Sn,Br
K,Fe,O
Ba,P,S
Hf,Ni,O
Tl,Ni,O
Mn,N,Cl
U,Co,Se
U,V,S
Na,C,O
Cd,Tc,O
La,Sc,S
Yb,Cr,O
Tm,Sc,O
Tm,Rh,O
Rb,Tm,Br
K,Be,F
Eu,In,O
Cs,Sm,Br
Ca,Os,O
Rb,Ba,N
Zn,Au,Nb
Sr,Co,O
La,Mn,O
La,Mn,O
K,Sb,O
Gd,Cr,O
Er,Ni,O
Pr,Ru,O
Dy,Mn,O
Mn,Se,O
Eu,Ti,O
Dy,Fe,O
Na,Cl,O
Rb,Pb,I
Tl,Cd,Br
Sr,Sn,O
Ho,Sc,O
Si,P,N
Sr,Zr,O
Sr,Zr,S
Ba,Zr,S
Ca,C,O
C,I,F
Cl,O,Cs
Ag,I,Se
Sn,P,Se
Rb,Cu,Cl
Rb,Yb,Br
Dy,Tm,O
Cd,Co,O
Li,Fe,F
Ca,Hf,O
Li,Fe,F
Dy,Ga,O
Sm,Ho,O
Tb,Ho,O
B,Sb,O
Al,V,O
La,Ho,O
Tb,Ga,O
Sc,V,O
Mg,S,O
Ag,P,O
Dy,Ti,O
Ag,I,O
Pr,B,S
Ca,Sn,S
Hf,Sn,S
Sm,B,S
Ca,P,S
Y,Mo,N
La,W,N
Y,Re,N
Zn,Sn,O
Mg,Bi,O
Zn,Co,O
V,Zn,O
Al,Bi,O
